Fonte,H3 Parte di ,categoria H3,Id H3,H2,Categoria H2,Id H2,H1 Occorrenza,Categoria H1,Id H1,H0,categoria H0,Id H0
S001,strapiombo,generico_terrestre,L00000,,,,,,,,,
S001,piazza,generico_terrestre,L00001,,,,,,,,,
S001,bar,generico_terrestre,L00002,,,,,,,,,
S002,casa,generico_terrestre,L00003,,,,,,,,,
S003,prato,generico_terrestre,L00004,,,,,,,,,
S004,caserma,generico_terrestre,L00005,,,,,,,,,
S004,alberghetto,generico_terrestre,L00006,,,,,,,,,
S004,paese,generico_terrestre,L00007,,,,,,,,,
S004,collina,generico_terrestre,L00008,,,,,,,,,
S005,bosco,generico_terrestre,L00009,,,,,,,,,
S005,bosco,generico_terrestre,L00009,radura,generico_terrestre,L00010,,,,,,
S005,bosco,generico_terrestre,L00009,brughiera,generico_terrestre,L00011,,,,,,
S006,vallata,generico_terrestre,L00012,,,,,,,,,
S006,vallata,generico_terrestre,L00012,stalla,generico_terrestre,L00013,,,,,,
S007,Colla Bracca,nominato_terrestre,L00014,,,,,,,,,
S007,San Faustino,nominato_terrestre,L00015,,,,,,,,,
S007,Perallo,nominato_terrestre,L00016,,,,,,,,,
S007,Creppo,nominato_terrestre,L00017,,,,,,,,,
S007,Castagna,nominato_terrestre,L00018,,,,,,,,,
S007,vallate,generico_terrestre,L00019,,,,,,,,,
S007,Tumena (Val),nominato_terrestre,L00020,,,,,,,,,
S007,bosco,generico_terrestre,L00021,,,,,,,,,
S007,Castagna,nominato_terrestre,L00018,casolare,generico_terrestre,L00022,,,,,,
S008,impalcature (casa in costruzione),generico_terrestre,L00023,,,,,,,,,
S008,campagna,generico_terrestre,L00024,,,,,,,,,
S008,vallata,generico_terrestre,L00025,,,,,,,,,
S008,periferia,generico_terrestre,L00026,,,,,,,,,
S008,periferia,generico_terrestre,L00026,pista da ballo,generico_terrestre,L00027,,,,,,
S008,periferia,generico_terrestre,L00026,giardinetti,generico_terrestre,L00028,,,,,,
S009,Colla Bella,nominato_terrestre,L00029,,,,,,,,,
S010,montagna,generico_terrestre,L00030,,,,,,,,,
S010,montagna,generico_terrestre,L00030,sentieri,generico_terrestre,L00031,,,,,,
S010,montagna,generico_terrestre,L00030,vallone,generico_terrestre,L00032,,,,,,
S011,casa,generico_terrestre,L00033,,,,,,,,,
S011,mulattiera,generico_terrestre,L00034,,,,,,,,,
S011,osteria,generico_terrestre,L00035,,,,,,,,,
S011,campo,generico_terrestre,L00036,,,,,,,,,
S011,chiesa S. Cosimo e Damiano,nominato_terrestre,L00037,,,,,,,,,
S012,mare,generico_terrestre,L00038,,,,,,,,,
S012,Sette Pennelli,nominato_terrestre,L00039,,,,,,,,,
S013,casone,generico_terrestre,L00040,,,,,,,,,
S014,campagna,generico_terrestre,L00045,casolare,generico_terrestre,L00043,frutteto,generico_terrestre,L00041,,,
S014,Paraggio,nominato_terrestre,L00042,,,,,,,,,
S014,campagna,generico_terrestre,L00045,casolare,generico_terrestre,L00043,,,,,,
S014,campagna,generico_terrestre,L00045,mulattiera,generico_terrestre,L00044,,,,,,
S014,campagna,generico_terrestre,L00045,,,,,,,,,
S015,città,generico_terrestre,L00050,via,generico_terrestre,L00046,,,,,,
S015,città,generico_terrestre,L00050,crocicchio,generico_terrestre,L00047,,,,,,
S015,città,generico_terrestre,L00050,strada,generico_terrestre,L00048,,,,,,
S015,città,generico_terrestre,L00050,piazza,generico_terrestre,L00049,,,,,,
S015,città,generico_terrestre,L00050,,,,,,,,,
S016,(corso d') acqua,generico_terrestre,L00051,,,,,,,,,
S016,valle,generico_terrestre,L00052,,,,,,,,,
S016,baita,generico_terrestre,L00053,,,,,,,,,
S016,prati,generico_terrestre,L00054,,,,,,,,,
S016,strada,generico_terrestre,L00055,,,,,,,,,
S016,bosco,generico_terrestre,L00056,,,,,,,,,
S016,valletta,generico_terrestre,L00057,,,,,,,,,
S016,radura,generico_terrestre,L00058,,,,,,,,,
S017,Torino (città),nominato_terrestre,L00059,,,,,,,,,
S017,Torino (città),nominato_terrestre,L00059,mensa,generico_terrestre,L00060,,,,,,
S018,vallata,generico_terrestre,L00062,vigna,generico_terrestre,L00061,,,,,,
S018,vallata,generico_terrestre,L00062,,,,,,,,,
S018,vallata,generico_terrestre,L00062,fascia,generico_terrestre,L00063,,,,,,
S019,caserma,generico_terrestre,L00066,celle,generico_terrestre,L00064,,,,,,
S019,accampamento,generico_terrestre,L00065,,,,,,,,,
S019,caserma,generico_terrestre,L00066,,,,,,,,,
S019,villette,generico_terrestre,L00067,,,,,,,,,
S019,montagna,generico_terrestre,L00068,,,,,,,,,
S019,montagna,generico_terrestre,L00068,valle,generico_terrestre,L00069,,,,,,
S020,Val Bévera,nominato_terrestre,L00070,,,,,,,,,
S020,Val Bévera,nominato_terrestre,L00070,strada,generico_terrestre,L00071,,,,,,
S020,Val Bévera,nominato_terrestre,L00070,mulattiera,generico_terrestre,L00072,,,,,,
S020,Val Bévera,nominato_terrestre,L00070,Bévera,nominato_terrestre,L00073,,,,,,
S021,via,generico_terrestre,L00074,,,,,,,,,
S021,cortile,generico_terrestre,L00075,,,,,,,,,
S021,pasticceria,generico_terrestre,L00077,retrobottega,generico_terrestre,L00076,,,,,,
S021,pasticceria,generico_terrestre,L00077,,,,,,,,,
S022,Sanremo,nominato_terrestre,L00082,carrugi,generico_terrestre,L00078,,,,,,
S022,mare,generico_terrestre,L00081,bastimento,generico_terrestre,L00079,,,,,,
S022,Sanremo,nominato_terrestre,L00082,porto,generico_terrestre,L00080,,,,,,
S022,mare,generico_terrestre,L00081,,,,,,,,,
S022,Sanremo,nominato_terrestre,L00082,,,,,,,,,
V001,città,generico_terrestre,L00092,bottega,generico_terrestre,L00083,,,,,,
V001,città,generico_terrestre,L00092,carrugio,generico_terrestre,L00084,,,,,,
V001,città,generico_terrestre,L00092,osteria,generico_terrestre,L00085,,,,,,
V001,città,generico_terrestre,L00092,vicoli,generico_terrestre,L00086,,,,,,
V001,città,generico_terrestre,L00092,camera,generico_terrestre,L00087,,,,,,
V001,vallata,generico_terrestre,L00089,stradine,generico_terrestre,L00088,,,,,,
V001,vallata,generico_terrestre,L00089,,,,,,,,,
V001,città,generico_terrestre,L00092,comando,generico_terrestre,L00090,,,,,,
V001,città,generico_terrestre,L00092,prigione,generico_terrestre,L00091,,,,,,
V001,città,generico_terrestre,L00092,,,,,,,,,
V001,vallata,generico_terrestre,L00089,campo,generico_terrestre,L00093,,,,,,
V001,vallata,generico_terrestre,L00089,beudo,generico_terrestre,L00094,,,,,,
V001,vallata,generico_terrestre,L00089,casolare,generico_terrestre,L00095,,,,,,
V001,vallata,generico_terrestre,L00089,accampamento,generico_terrestre,L00096,,,,,,
V001,vallata,generico_terrestre,L00089,fienile,generico_terrestre,L00097,,,,,,
V001,montagna,generico_terrestre,L00098,,,,,,,,,
V001,montagna,generico_terrestre,L00098,sentieri,generico_terrestre,L00099,,,,,,
V001,vallata,generico_terrestre,L00089,cucina,generico_terrestre,L00100,,,,,,
V001,vallata,generico_terrestre,L00089,prati,generico_terrestre,L00101,,,,,,
V001,vallata,generico_terrestre,L00089,passo della Mezzaluna,nominato_terrestre,L00102,,,,,,
V001,vallata,generico_terrestre,L00089,costruzione,generico_terrestre,L00103,,,,,,
V001,vallata,generico_terrestre,L00089,casa,generico_terrestre,L00104,,,,,,
V001,vallata,generico_terrestre,L00089,torrente,generico_terrestre,L00105,,,,,,
V001,città,generico_terrestre,L00092,carrugio,generico_terrestre,L00106,,,,,,
V001,vallata,generico_terrestre,L00089,campagna,generico_terrestre,L00107,,,,,,
S023,città,generico_terrestre,L00111,casa,generico_terrestre,L00108,,,,,,
S023,città,generico_terrestre,L00111,caffè Imperia,nominato_terrestre,L00109,,,,,,
S023,città,generico_terrestre,L00111,cinema,generico_terrestre,L00110,,,,,,
S023,città,generico_terrestre,L00111,,,,,,,,,
S024,strada ferrata (ferrovia),generico_terrestre,L00112,,,,,,,,,
S024,giardino,generico_terrestre,L00113,,,,,,,,,
S024,spiaggia,generico_terrestre,L00114,,,,,,,,,
S025,città,generico_terrestre,L00115,,,,,,,,,
S025,città,generico_terrestre,L00115,casa,generico_terrestre,L00116,,,,,,
S025,città,generico_terrestre,L00115,Palazzo di Giustizia,generico_terrestre,L00117,,,,,,
S025,città,generico_terrestre,L00115,Palazzo di Giustizia,generico_terrestre,L00117,cortile,generico_terrestre,L00118,,,
S026,bosco,generico_terrestre,L00119,,,,,,,,,
S026,paese,generico_terrestre,L00120,,,,,,,,,
S026,paese,generico_terrestre,L00120,casa,generico_terrestre,L00121,,,,,,
S026,paese,generico_terrestre,L00120,casa,generico_terrestre,L00121,fienile,generico_terrestre,L00122,,,
S027,Torino,nominato_terrestre,L00126,biglietteria,generico_terrestre,L00123,,,,,,
S027,Torino,nominato_terrestre,L00126,stazione ,generico_terrestre,L00124,,,,,,
S027,Torino,nominato_terrestre,L00126,portici,generico_terrestre,L00125,,,,,,
S027,Torino,nominato_terrestre,L00126,,,,,,,,,
S028,strada litoranea,generico_terrestre,L00127,,,,,,,,,
S028,mare,generico_terrestre,L00128,,,,,,,,,
S028,ripa,generico_terrestre,L00129,,,,,,,,,
S029,Torino (città),nominato_terrestre,L00130,,,,,,,,,
S029,Torino (città),nominato_terrestre,L00130,quartieri operai,generico_terrestre,L00131,,,,,,
S029,Torino (città),nominato_terrestre,L00130,quartieri operai,generico_terrestre,L00131,casa,generico_terrestre,,,,
S030,sala (da pranzo),generico_terrestre,L00133,,,,,,,,,
S030,casolare,generico_terrestre,L00134,,,,,,,,,
S031,Torino,nominato_terrestre,L00136b,Cittadella,nominato_terrestre,L00136,piazza,generico_terrestre,L00135,,,
S031,Torino,nominato_terrestre,L00136b,Cittadella,nominato_terrestre,L00136,,,,,,
S031,Torino,nominato_terrestre,L00136b,,,,,,,,,
S032,Sant'Alcide,inventato,L00137,,,,,,,,,
S032,Sant'Alcide,inventato,L00137,stanzetta,generico_terrestre,L00137,,,,,,
S032,Sant'Alcide,inventato,L00137,stanzetta,generico_terrestre,L00137,balcone,generico_terrestre,L00139,,,
S032,Sant'Alcide,inventato,L00137,sezione democristiana,generico_terrestre,L00140,,,,,,
S032,fabbrica,generico_terrestre,L00141,,,,,,,,,
S032,fienile,generico_terrestre,L00142,,,,,,,,,
S033,cittadina rivierasca,generico_terrestre,L00144,villa,generico_terrestre,L00143,,,,,,
S033,cittadina rivierasca,generico_terrestre,L00144,,,,,,,,,
S033,cittadina rivierasca,generico_terrestre,L00144,Case Vecchie ,inventato,L00145,,,,,,
S033,cittadina rivierasca,generico_terrestre,L00144,Osteria dell'Orecchia Mozzata,inventato,L00146,,,,,,
S033,cittadina rivierasca,generico_terrestre,L00144,casa,generico_terrestre,L00147,,,,,,
S033,mare,generico_terrestre,L00148,,,,,,,,,
S033,cittadina rivierasca,generico_terrestre,L00144,riva,generico_terrestre,L00149,,,,,,
S034,Sanremo,nominato_terrestre,L00164,Deposito Franco,nominato_terrestre,L00150,,,,,,
S034,Sanremo,nominato_terrestre,L00164,Bar La botte di Diogene,nominato_terrestre,L00151,,,,,,
S034,Sanremo,nominato_terrestre,L00164,via,generico_terrestre,L00152,,,,,,
S034,Sanremo,nominato_terrestre,L00164,Caffé Lamarmora,inventato,L00153,,,,,,
S034,Sanremo,nominato_terrestre,L00164,Bar Parigi,inventato,L00154,,,,,,
S034,Sanremo,nominato_terrestre,L00164,Giglio,inventato,L00155,,,,,,
S034,Sanremo,nominato_terrestre,L00164,Bar La botte di Diogene,nominato_terrestre,L00151,retrobottega,generico_terrestre,L00156,,,
S034,Sanremo,nominato_terrestre,L00164,Bar La botte di Diogene,nominato_terrestre,L00151,cameretta,generico_terrestre,L00157,,,
S034,Sanremo,nominato_terrestre,L00164,piazza,generico_terrestre,L00158,,,,,,
S034,Sanremo,nominato_terrestre,L00164,Iris (locale),inventato,L00159,,,,,,
S034,Sanremo,nominato_terrestre,L00164,Caffè dei viaggiatori,inventato,L00160,,,,,,
S034,Sanremo,nominato_terrestre,L00164,Albergo Pace,inventato,L00161,,,,,,
S034,Sanremo,nominato_terrestre,L00164,imbarco,generico_terrestre,L00162,,,,,,
S034,Sanremo,nominato_terrestre,L00164,questura,generico_terrestre,L00163,,,,,,
S034,Sanremo,nominato_terrestre,L00164,,,,,,,,,
S035,Napoli,nominato_terrestre,L00165,,,,,,,,,
S035,Napoli,nominato_terrestre,L00165,via Toledo,nominato_terrestre,L00166,,,,,,
S036,Torino (città),nominato_terrestre,L00168,marciapiede,generico_terrestre,L00167,,,,,,
S036,Torino (città),nominato_terrestre,L00168,,,,,,,,,
S036,Torino (città),nominato_terrestre,L00168,vie,generico_terrestre,L00169,,,,,,
S036,Torino (città),nominato_terrestre,L00168,crocevia,generico_terrestre,L00170,,,,,,
S037,casa,generico_terrestre,L00173,cucina,generico_terrestre,L00171,,,,,,
S037,casa,generico_terrestre,L00173,giardino,generico_terrestre,L00172,,,,,,
S037,casa,generico_terrestre,L00173,,,,,,,,,
S038,vallata,generico_terrestre,L00178,casa,generico_terrestre,L00174,,,,,,
S038,vallata,generico_terrestre,L00178,campo,generico_terrestre,L00175,,,,,,
S038,vallata,generico_terrestre,L00178,bosco,generico_terrestre,L00176,,,,,,
S038,vallata,generico_terrestre,L00178,ripa,generico_terrestre,L00177,,,,,,
S038,vallata,generico_terrestre,L00178,,,,,,,,,
S039,Liguria,nominato_terrestre,L00190,vallata,generico_terrestre,L00181,collina,generico_terrestre,L00180,casa,generico_terrestre,L00179
S039,Liguria,nominato_terrestre,L00190,vallata,generico_terrestre,L00181,collina,generico_terrestre,L00180,,,
S039,Liguria,nominato_terrestre,L00190,vallata,generico_terrestre,L00181,,,,,,
S039,Liguria,nominato_terrestre,L00190,vallata,generico_terrestre,L00181,bosco,generico_terrestre,L00182,,,
S039,Liguria,nominato_terrestre,L00190,Bicocca,nominato_terrestre,L00183,,,,,,
S039,Liguria,nominato_terrestre,L00190,vallata,generico_terrestre,L00181,campi,generico_terrestre,L00184,,,
S039,Liguria,nominato_terrestre,L00190,vallata,generico_terrestre,L00181,bosco,generico_terrestre,L00182,tana,generico_terrestre,L00185
S039,Liguria,nominato_terrestre,L00190,vallata,generico_terrestre,L00181,terreni,generico_terrestre,L00186,,,
S039,Liguria,nominato_terrestre,L00190,vallata,generico_terrestre,L00181,accampamento,generico_terrestre,L00187,,,
S039,Liguria,nominato_terrestre,L00190,Rocche del Corvo,nominato_terrestre,L00188,,,,,,
S039,Liguria,nominato_terrestre,L00190,Rocche del Corvo,nominato_terrestre,L00188,burrone,generico_terrestre,L00189,,,
S039,Liguria,nominato_terrestre,L00190,,,,,,,,,
S040,albergo-caserma,generico_terrestre,L00191,,,,,,,,,
S040,albergo-caserma,generico_terrestre,L00191,stanze,generico_terrestre,L00192,,,,,,
S040,porto,generico_terrestre,L00194,fortezza,generico_terrestre,L00193,,,,,,
S040,porto,generico_terrestre,L00194,,,,,,,,,
S040,porto,generico_terrestre,L00194,fortezza,generico_terrestre,L00193,cella,generico_terrestre,L00195,,,
S040,albergo-caserma,generico_terrestre,L00191,corridoio,generico_terrestre,L00196,,,,,,
S040,torpedoni,generico_terrestre,L00197,,,,,,,,,
S041,Culdistrega,inventato,L00198,,,,,,,,,
S041,Culdistrega,inventato,L00198,rifugio,generico_terrestre,L00199,,,,,,
S041,Culdistrega,inventato,L00198,precipizio,generico_terrestre,L00200,,,,,,
S041,vallata,generico_terrestre,L00202,torrente,generico_terrestre,L00201,,,,,,
S041,vallata,generico_terrestre,L00202,,,,,,,,,
S041,vallata,generico_terrestre,L00202,tetto,generico_terrestre,L00203,,,,,,
S042,scompartimento,generico_terrestre,L00204,,,,,,,,,
S042,galleria,generico_terrestre,L00205,,,,,,,,,
S043,città,generico_terrestre,L00206,,,,,,,,,
S043,città,generico_terrestre,L00206,vie,generico_terrestre,L00207,,,,,,
S043,città,generico_terrestre,L00206,giardini,generico_terrestre,L00208,,,,,,
S043,città,generico_terrestre,L00206,casa (Don Grillo),generico_terrestre,L00209,,,,,,
S043,città,generico_terrestre,L00206,casa (Don Grillo),generico_terrestre,L00209,scale,generico_terrestre,L00210,,,
S043,città,generico_terrestre,L00206,casa (Don Grillo),generico_terrestre,L00209,appartamento,generico_terrestre,L00211,,,
S043,città,generico_terrestre,L00206,pellicceria,generico_terrestre,L00214,stanza,generico_terrestre,L00212,,,
S043,città,generico_terrestre,L00206,pellicceria,generico_terrestre,L00214,magazzino,generico_terrestre,L00213,,,
S043,città,generico_terrestre,L00206,pellicceria,generico_terrestre,L00214,,,,,,
S043,città,generico_terrestre,L00206,pellicceria,generico_terrestre,L00214,laboratorio,generico_terrestre,L00215,,,
S044,treno,generico_terrestre,L00216,,,,,,,,,
S044,treno,generico_terrestre,L00216,scompartimento,generico_terrestre,L00217,,,,,,
S045,campagna,generico_terrestre,L00218,,,,,,,,,
S045,valle,generico_terrestre,L00219,,,,,,,,,
S045,campagna,generico_terrestre,L00218,casa,generico_terrestre,L00223,aia,generico_terrestre,L00220,,,
S045,caserma,generico_terrestre,L00221,,,,,,,,,
S045,caserma,generico_terrestre,L00221,ufficio,generico_terrestre,L00222,,,,,,
S045,campagna,generico_terrestre,L00218,casa,generico_terrestre,L00223,,,,,,
S045,campagna,generico_terrestre,L00218,casa,generico_terrestre,L00223,fienile,generico_terrestre,L00224,,,
S045,campagna,generico_terrestre,L00218,campi,generico_terrestre,L00225,,,,,,
S046,scogliera,generico_terrestre,L00226,,,,,,,,,
S046,mare,generico_terrestre,L00227,,,,,,,,,
S046,mare,generico_terrestre,L00227,fondo,generico_terrestre,L00228,,,,,,
S046,scoglio,generico_terrestre,L00229,,,,,,,,,
S046,cala,generico_terrestre,L00230,,,,,,,,,
S046,conca,generico_terrestre,L00231,,,,,,,,,
S047,prato,generico_terrestre,L00232,,,,,,,,,
S047,strada,generico_terrestre,L00233,,,,,,,,,
S047,via,generico_terrestre,L00234,,,,,,,,,
S047,fosso,generico_terrestre,L00235,,,,,,,,,
S047,fosso,generico_terrestre,L00235,riva,generico_terrestre,L00236,,,,,,
S047,fosso,generico_terrestre,L00235,acqua (fosso),generico_terrestre,L00237,,,,,,
S047,stradale,generico_terrestre,L00238,,,,,,,,,
S048,valle,generico_terrestre,L00240,strada,generico_terrestre,L00239,,,,,,
S048,valle,generico_terrestre,L00240,,,,,,,,,
S048,valle,generico_terrestre,L00240,sentiero,generico_terrestre,L00241,,,,,,
S048,valle,generico_terrestre,L00240,casa,generico_terrestre,L00242,,,,,,
S048,Chapelet,nominato_terrestre,L00243,,,,,,,,,
S048,valletta,generico_terrestre,L00244,,,,,,,,,
S048,valle,generico_terrestre,L00240,prati,generico_terrestre,L00245,,,,,,
S048,Rocca Negra,nominato_terrestre,L00246,,,,,,,,,
S048,valle,generico_terrestre,L00240,baita,generico_terrestre,L00247,,,,,,
S048,caserma,generico_terrestre,L00248,,,,,,,,,
S048,valle,generico_terrestre,L00240,lago,generico_terrestre,L00249,,,,,,
S049,città,generico_terrestre,L00251,caserma,generico_terrestre,L00250,,,,,,
S049,città,generico_terrestre,L00251,,,,,,,,,
S049,città,generico_terrestre,L00251,marciapiede,generico_terrestre,L00252,,,,,,
S049,città,generico_terrestre,L00251,via,generico_terrestre,L00253,,,,,,
S049,città,generico_terrestre,L00251,giardini pubblici,generico_terrestre,L00254,,,,,,
S049,città,generico_terrestre,L00251,quartiere,generico_terrestre,L00255,,,,,,
S049,città,generico_terrestre,L00251,caseggiato,generico_terrestre,L00256,,,,,,
S049,città,generico_terrestre,L00251,caseggiato,generico_terrestre,L00256,cortile,generico_terrestre,L00257,,,
S049,città,generico_terrestre,L00251,caseggiato,generico_terrestre,L00256,scale,generico_terrestre,L00258,,,
S049,città,generico_terrestre,L00251,caseggiato,generico_terrestre,L00256,ballatorio,generico_terrestre,L00259,,,
S049,città,generico_terrestre,L00251,caseggiato,generico_terrestre,L00256,stanze,generico_terrestre,L00260,,,
S049,città,generico_terrestre,L00251,caseggiato,generico_terrestre,L00256,corridoi,generico_terrestre,L00261,,,
S049,città,generico_terrestre,L00251,caseggiato,generico_terrestre,L00256,tetto,generico_terrestre,L00262,,,
S050,spiaggia di ***,nominato_terrestre,L00263,,,,,,,,,
S050,acqua,generico_terrestre,L00264,,,,,,,,,
S050,barca,generico_terrestre,L00265,,,,barca,generico_terrestre,,,,
V003,Boemia,nominato_terrestre,L00266,,,,,,,,,
V003,Boemia,nominato_terrestre,L00266,accampamento,generico_terrestre,L00267,,,,,,
V003,Boemia,nominato_terrestre,L00266,campo di battaglia,generico_terrestre,L00268,,,,,,
V003,Boemia,nominato_terrestre,L00266,ospedale,generico_terrestre,L00269,,,,,,
V003,Italia,nominato_terrestre,L00270b,,,,,,,,,
V003,Italia,nominato_terrestre,L00270b,Terralba,inventato,L00270,,,,,,
V003,Italia,nominato_terrestre,L00270b,Terralba,inventato,L00270,castello,generico_terrestre,L00271,,,
V003,Italia,nominato_terrestre,L00270b,Terraba,inventato,L00270,campagna,generico_terrestre,L00272,,,
V003,Italia,nominato_terrestre,L00270b,Terralba,inventato,L00270,bosco,generico_terrestre,L00273,,,
V003,Italia,nominato_terrestre,L00270b,Terralba,inventato,L00270,Prato delle Monache,inventato,L00274,,,
V003,Italia,nominato_terrestre,L00270b,Terralba,inventato,L00270,cimitero,generico_terrestre,L00275,,,
V003,Italia,nominato_terrestre,L00270b,Terralba,inventato,L00270,Salto della Ghigna,inventato,L00276,,,
V003,Italia,nominato_terrestre,L00270b,Col Gerbido,inventato,L00277,,,,,,
V003,Italia,nominato_terrestre,L00270b,Col Gerbido,inventato,L00277,tana,generico_terrestre,L00278,,,
V003,Italia,nominato_terrestre,L00270b,Col Gerbido,inventato,L00277,casolare,generico_terrestre,L00279,,,
V003,Italia,nominato_terrestre,L00270b,Terralba,inventato,L00270,marina,generico_terrestre,L00280,,,
V003,Italia,nominato_terrestre,L00270b,Terralba,inventato,L00270,prato,generico_terrestre,L00281,,,
V003,Italia,nominato_terrestre,L00270b,Terralba,inventato,L00270,casolare,generico_terrestre,L00282,,,
V003,Italia,nominato_terrestre,L00270b,Terralba,inventato,L00270,riva,generico_terrestre,L00283,,,
V003,Italia,nominato_terrestre,L00270b,Terralba,inventato,L00270,grotta,generico_terrestre,L00284,,,
V003,Italia,nominato_terrestre,L00270b,Pratofungo,inventato,L00285,,,,,,
V003,Italia,nominato_terrestre,L00270b,Pratofungo,inventato,L00285,capannuccia,generico_terrestre,L00286,,,
V003,Italia,nominato_terrestre,L00270b,Terralba,inventato,L00270,bottega,generico_terrestre,L00287,,,
V003,Italia,nominato_terrestre,L00270b,Terralba,inventato,L00270,fienile,generico_terrestre,L00288,,,
V003,Italia,nominato_terrestre,L00270b,Terralba,inventato,L00270,collinetta,generico_terrestre,L00289,,,
S051,boscaglia,generico_terrestre,L00290,,,,,,,,,
S051,campo di battaglia,generico_terrestre,L00291,,,,,,,,,
S051,cespugli,generico_terrestre,L00292,,,,,,,,,
S051,carreggiabile,generico_terrestre,L00293,,,,,,,,,
S051,salita,generico_terrestre,L00294,,,,,,,,,
S051,sentiero,generico_terrestre,L00295,,,,,,,,,
S051,valle,generico_terrestre,L00296,,,,,,,,,
S051,lago,generico_terrestre,L00297,,,,,,,,,
S051,capanna,generico_terrestre,L00298,,,,,,,,,
S052,torrente,generico_terrestre,L00299,,,,,,,,,
S052,campagna ,generico_terrestre,L00300,,,,,,,,,
S052,campagna ,generico_terrestre,L00300,conca,generico_terrestre,L00301,,,,,,
S052,campagna ,generico_terrestre,L00300,sabbia,generico_terrestre,L00302,,,,,,
S052,valle,generico_terrestre,L00303,,,,,,,,,
S052,valle,generico_terrestre,L00303,erba,generico_terrestre,L00304,,,,,,
S052,valle,generico_terrestre,L00303,sentiero,generico_terrestre,L00305,,,,,,
S052,valle,generico_terrestre,L00303,canneto,generico_terrestre,L00306,,,,,,
S052,valle,generico_terrestre,L00303,canneto,generico_terrestre,L00306,riva,generico_terrestre,L00307,,,
S052,mare,generico_terrestre,L00308,,,,,,,,,
S053,città,generico_terrestre,L00309,,,,,,,,,
S053,città,generico_terrestre,L00309,aiola,generico_terrestre,L00310,,,,,,
S053,città,generico_terrestre,L00309,corso,generico_terrestre,L00311,,,,,,
S053,città,generico_terrestre,L00309,fermata,generico_terrestre,L00312,,,,,,
S053,città,generico_terrestre,L00309,casa,generico_terrestre,L00313,,,,,,
S053,città,generico_terrestre,L00309,ospedale,generico_terrestre,L00314,,,,,,
S054,regione,generico_terrestre,L00315,,,,,,,,,
S054,regione,generico_terrestre,L00315,paese,generico_terrestre,L00319,vie,generico_terrestre,L00316,,,
S054,campagna,generico_terrestre,L00317,,,,,,,,,
S054,regione,generico_terrestre,L00315,paese,generico_terrestre,L00319,osteria,generico_terrestre,L00318,,,
S054,regione,generico_terrestre,L00315,paese,generico_terrestre,L00319,,,,,,
S054,regione,generico_terrestre,L00315,paese,generico_terrestre,L00319,casa,generico_terrestre,L00320,,,
S054,regione,generico_terrestre,L00315,paese,generico_terrestre,L00319,casa,generico_terrestre,L00320,terreno,generico_terrestre,L00321
S054,regione,generico_terrestre,L00315,paese,generico_terrestre,L00319,casa,generico_terrestre,L00320,giardino,generico_terrestre,L00322
S054,regione,generico_terrestre,L00315,paese,generico_terrestre,L00319,villetta,generico_terrestre,L00323,,,
S054,regione,generico_terrestre,L00315,paese,generico_terrestre,L00319,strada,generico_terrestre,L00324,,,
S054,regione,generico_terrestre,L00315,paese,generico_terrestre,L00319,villa,generico_terrestre,L00325,,,
S054,regione,generico_terrestre,L00315,paese,generico_terrestre,L00319,strada-cortile,generico_terrestre,L00326,,,
S054,regione,generico_terrestre,L00315,paese,generico_terrestre,L00319,baracca,generico_terrestre,L00327,,,
S054,regione,generico_terrestre,L00315,paese,generico_terrestre,L00319,città vecchia,generico_terrestre,L00328,,,
S054,regione,generico_terrestre,L00315,paese,generico_terrestre,L00319,porto,generico_terrestre,L00329,,,
S055,città,generico_terrestre,L00330,,,,,,,,,
S055,città,generico_terrestre,L00330,via,generico_terrestre,L00331,,,,,,
S055,città,generico_terrestre,L00330,crocevia,generico_terrestre,L00332,,,,,,
S055,città,generico_terrestre,L00330,ditta,generico_terrestre,L00333,,,,,,
S055,città,generico_terrestre,L00330,casamento,generico_terrestre,L00334,,,,,,
S055,città,generico_terrestre,L00330,casamento,generico_terrestre,L00334,tetto,generico_terrestre,L00335,,,
S055,città,generico_terrestre,L00330,casamento,generico_terrestre,L00334,appartamento,generico_terrestre,L00336,,,
S055,,,,,,,terrazzo,generico_terrestre,L00337,,,
S056,viale,generico_terrestre,L00339,panchina,generico_terrestre,L00338,,,,,,
S056,viale,generico_terrestre,L00339,,,,,,,,,
S056,bottiglieria,generico_terrestre,L00340,,,,,,,,,
S056,caffè,generico_terrestre,L00341,,,,,,,,,
S056,strada,generico_terrestre,L00342,,,,,,,,,
S056,villa,generico_terrestre,L00343,,,,,,,,,
S056,marciapiede,generico_terrestre,L00344,,,,,,,,,
S057,via,generico_terrestre,L00345,,,,,,,,,
S057,fermata,generico_terrestre,L00346,,,,,,,,,
S057,casa,generico_terrestre,L00347,,,,,,,,,
S058,Rivoli,nominato_terrestre,L00348,,,,,,,,,
S058,Alpignano,nominato_terrestre,L00349,,,,,,,,,
S058,Alpignano,nominato_terrestre,L00349,scale,generico_terrestre,L00350,,,,,,
S058,Rivoli,nominato_terrestre,L00348,fabbrica,generico_terrestre,L00354,accampamento,generico_terrestre,L00351,,,
S058,Rivoli,nominato_terrestre,L00348,fabbrica,generico_terrestre,L00354,camerata,generico_terrestre,L00352,,,
S058,Rivoli,nominato_terrestre,L00348,fabbrica,generico_terrestre,L00354,stabilimento,generico_terrestre,L00353,,,
S058,Rivoli,nominato_terrestre,L00348,fabbrica,generico_terrestre,L00354,,,,,,
S058,Rivoli,nominato_terrestre,L00348,fabbrica,generico_terrestre,L00354,officina,generico_terrestre,L00355,,,
S058,Rivoli,nominato_terrestre,L00348,fabbrica,generico_terrestre,L00354,cortile,generico_terrestre,L00356,,,
S059,fabbrica,generico_terrestre,,cortile,generico_terrestre,L00357,,,,,,
S059,fabbrica,generico_terrestre,,officina,generico_terrestre,L00358,,,,,,
S059,,,,,,,,,,,,
S059,fabbrica,generico_terrestre,L00359,,,,,,,,,
S059,prato,generico_terrestre,L00360,cucina,generico_terrestre,L00361,,,,,,
S060,paese,generico_terrestre,L00362,,,,,,,,,
S060,paese,generico_terrestre,L00362,casa,generico_terrestre,L00363,,,,,,
S061,città,generico_terrestre,L00367,casa,generico_terrestre,L00364,,,,,,
S061,città,generico_terrestre,L00367,giardino pubblico,generico_terrestre,L00365,,,,,,
S061,città,generico_terrestre,L00367,vie,generico_terrestre,L00366,,,,,,
S061,città,generico_terrestre,L00367,,,,,,,,,
S061,città,generico_terrestre,L00367,strada,generico_terrestre,L00368,,,,,,
S061,autostrada,generico_terrestre,L00369,,,,,,,,,
S061,pianura,generico_terrestre,L00370,,,,,,,,,
S062,panchina,generico_terrestre,L00371,,,,,,,,,
S062,corsi,generico_terrestre,L00372,,,,,,,,,
S062,casa,generico_terrestre,L00373,,,,,,,,,
S062,vie,generico_terrestre,L00374,,,,,,,,,
S062,ospedale,generico_terrestre,L00375,,,,,,,,,
S063,Corea,nominato_terrestre,L00378,Nam-Du-Il,inventato,L00376,,,,,,
S063,Corea,nominato_terrestre,L00378,Nam-Du-Il,inventato,L00376,casa,generico_terrestre,L00377,,,
S063,Corea ,nominato_terrestre,L00378,,,,,,,,,
S063,Corea,nominato_terrestre,L00378,Yang,inventato,L00379,,,,,,
S063,Corea,nominato_terrestre,L00378,campi,generico_terrestre,L00380,,,,,,
S063,Corea,nominato_terrestre,L00378,terreno,generico_terrestre,L00381,,,,,,
S063,Corea,nominato_terrestre,L00378,Som Gin,inventato,L00382,,,,,,
S063,Corea,nominato_terrestre,L00378,Pyong Yang,nominato_terrestre,L00383,,,,,,
S064,bosco,generico_terrestre,L00384,,,,,,,,,
S064,monte,generico_terrestre,L00385,,,,,,,,,
S064,stradone,generico_terrestre,L00386,,,,,,,,,
S064,,,,aia,generico_terrestre,L00387,,,,,,
S064,paese,generico_terrestre,L00388,,,,,,,,,
S064,paese,generico_terrestre,L00388,casa,generico_terrestre,L00389,,,,,,
S064,paese,generico_terrestre,L00388,strada,generico_terrestre,L00390,,,,,,
S064,paese,generico_terrestre,L00388,scuola,generico_terrestre,L00391,,,,,,
S064,paese,generico_terrestre,L00388,piazza,generico_terrestre,L00392,,,,,,
S064,paese,generico_terrestre,L00388,studio,generico_terrestre,L00393,,,,,,
S064,paese,generico_terrestre,L00388,costruzione,generico_terrestre,L00394,,,,,,
S064,campo,generico_terrestre,L00395,,,,,,,,,
S064,sentiero,generico_terrestre,L00396,,,,,,,,,
S065,Sanremo (città),nominato_terrestre,L00397,,,,,,,,,
S065,Sanremo (città),nominato_terrestre,L00397,piazza,generico_terrestre,L00398,,,,,,
S065,Sanremo (città),nominato_terrestre,L00397,Casa del Fascio,nominato_terrestre,L00399,,,,,,
S065,Sanremo (città),nominato_terrestre,L00397,biliardi,generico_terrestre,L00400,,,,,,
S065,Sanremo (città),nominato_terrestre,L00397,città vecchia,generico_terrestre,L00401,,,,,,
S065,Sanremo (città),nominato_terrestre,L00397,strada,generico_terrestre,L00402,,,,,,
S065,Sanremo (città),nominato_terrestre,L00397,via,generico_terrestre,L00403,,,,,,
S065,torpedone,generico_terrestre,L00404,,,,,,,,,
S065,Ventimiglia,nominato_terrestre,L00405,,,,,,,,,
S065,Ponte San Luigi,nominato_terrestre,L00406,,,,,,,,,
S065,Mentone,nominato_terrestre,L00407,,,,,,,,,
S065,Mentone,nominato_terrestre,L00407,villetta,generico_terrestre,L00408,,,,,,
S065,Mentone,nominato_terrestre,L00407,campagna,generico_terrestre,L00409,,,,,,
S065,Mentone,nominato_terrestre,L00407,piazza,generico_terrestre,L00410,,,,,,
S065,Mentone,nominato_terrestre,L00407,lugomare,generico_terrestre,L00411,,,,,,
S065,Mentone,nominato_terrestre,L00407,camerata,generico_terrestre,L00412,,,,,,
S065,Mentone,nominato_terrestre,L00407,villa,generico_terrestre,L00413,,,,,,
S065,Mentone,nominato_terrestre,L00407,mare,generico_terrestre,L00414,,,,,,
S065,Mentone,nominato_terrestre,L00407,riva,generico_terrestre,L00415,,,,,,
S065,Mentone,nominato_terrestre,L00407,casamenti,generico_terrestre,L00416,,,,,,
S065,Mentone,nominato_terrestre,L00407,quartieri,generico_terrestre,L00417,,,,,,
S065,Mentone,nominato_terrestre,L00407,casa,generico_terrestre,L00418,,,,,,
S065,Mentone,nominato_terrestre,L00407,stanza,generico_terrestre,L00419,,,,,,
S065,Mentone,nominato_terrestre,L00407,Casa del Fascio,nominato_terrestre,L00420,,,,,,
S065,Mentone,nominato_terrestre,L00407,giardino,generico_terrestre,L00421,,,,,,
S065,Mentone,nominato_terrestre,L00407,stazione,generico_terrestre,L00422,,,,,,
S066,città,generico_terrestre,L00426,seminterrato,generico_terrestre,L00423,,,,,,
S066,collina,generico_terrestre,L00424,,,,,,,,,
S066,città,generico_terrestre,L00426,quartiere,generico_terrestre,L00425,,,,,,
S066,città,generico_terrestre,L00426,,,,,,,,,
S066,città,generico_terrestre,L00426,viale,generico_terrestre,L00427,,,,,,
S066,città,generico_terrestre,L00426,capolinea,generico_terrestre,L00428,,,,,,
S066,città,generico_terrestre,L00426,stradina,generico_terrestre,L00429,,,,,,
S066,collina,generico_terrestre,L00424,prato,generico_terrestre,L00430,,,,,,
S066,collina,generico_terrestre,L00424,sanatorio,generico_terrestre,L00431,,,,,,
S066,collina,generico_terrestre,L00424,via,generico_terrestre,L00432,,,,,,
S067,Sanremo (città),nominato_terrestre,L00438,spiaggia,generico_terrestre,L00433,,,,,,
S067,Sanremo (città),nominato_terrestre,L00438,riva,generico_terrestre,L00434,,,,,,
S067,moscone,generico_terrestre,L00435,,,,,,,,,
S067,mare,generico_terrestre,L00436,,,,,,,,,
S067,Sanremo (città),nominato_terrestre,L00438,balaustra,generico_terrestre,L00437,,,,,,
S067,Sanremo (città),nominato_terrestre,L00438,,,,,,,,,
S067,Sanremo (città),nominato_terrestre,L00438,scuole,generico_terrestre,L00439,,,,,,
S067,Sanremo (città),nominato_terrestre,L00438,scuole,generico_terrestre,L00439,scalinata,generico_terrestre,L00440,,,
S067,Sanremo (città),nominato_terrestre,L00438,scuole,generico_terrestre,L00439,corridoio,generico_terrestre,L00441,,,
S067,Sanremo (città),nominato_terrestre,L00438,casa,generico_terrestre,L00442,,,,,,
S067,Sanremo (città),nominato_terrestre,L00438,scuole,generico_terrestre,L00439,aula,generico_terrestre,L00443,,,
S067,Sanremo (città),nominato_terrestre,L00438,via,generico_terrestre,L00444,,,,,,
S068,collina,generico_terrestre,L00446,casa,generico_terrestre,L00445,,,,,,
S068,collina,generico_terrestre,L00446,,,,,,,,,
S068,collina,generico_terrestre,L00446,viale,generico_terrestre,L00447,,,,,,
S068,città,generico_terrestre,L00453,capolinea,generico_terrestre,L00448,,,,,,
S068,città,generico_terrestre,L00453,tram,generico_terrestre,L00449,,,,,,
S068,città,generico_terrestre,L00453,centro,generico_terrestre,L00450,,,,,,
S068,città,generico_terrestre,L00453,caffè,generico_terrestre,L00451,,,,,,
S068,città,generico_terrestre,L00453,barbiere,generico_terrestre,L00452,,,,,,
S068,città,generico_terrestre,L00453,,,,,,,,,
S068,città,generico_terrestre,L00453,marciapiede,generico_terrestre,L00454,,,,,,
S068,città,generico_terrestre,L00453,piazza,generico_terrestre,L00455,,,,,,
S068,città,generico_terrestre,L00453,portici,generico_terrestre,L00456,,,,,,
S068,città,generico_terrestre,L00453,ufficio,generico_terrestre,L00457,,,,,,
S069,Marzialia,inventato,L00458,,,,,,,,,
S069,Marzialia,inventato,L00458,via,generico_terrestre,L00459,,,,,,
S070,Panduria,inventato,L00460,,,,,,,,,
S070,Panduria,inventato,L00460,biblioteca,generico_terrestre,L00461,,,,,,
S070,Panduria,inventato,L00460,palazzo,generico_terrestre,L00462,,,,,,
S071,Balangero,nominato_terrestre,L00468,Amiantifera (fabbrica),nominato_terrestre,L00465,piazzale,generico_terrestre,L00463,,,
S071,Balangero,nominato_terrestre,L00468,sentieri,generico_terrestre,L00464,,,,,,
S071,Balangero,nominato_terrestre,L00468,Amiantifera (fabbrica),nominato_terrestre,L00465,,,,,,
S071,Balangero,nominato_terrestre,L00468,Amiantifera (fabbrica),nominato_terrestre,L00465,uffici,generico_terrestre,L00466,,,
S071,Balangero,nominato_terrestre,L00468,via,generico_terrestre,L00467,,,,,,
S071,Balangero,nominato_terrestre,L00468,,,,,,,,,
S072,Sanremo (città),nominato_terrestre,L00469,,,,,,,,,
S072,Sanremo (città),nominato_terrestre,L00469,scuola,generico_terrestre,L00470,,,,,,
S072,Sanremo (città),nominato_terrestre,L00469,strada,generico_terrestre,L00471,,,,,,
S072,campagna,generico_terrestre,L00472,,,,,,,,,
S072,Sanremo (città),nominato_terrestre,L00469,stanza,generico_terrestre,L00473,,,,,,
S072,Sanremo (città),nominato_terrestre,L00469,piazza,generico_terrestre,L00474,,,,,,
S072,Sanremo (città),nominato_terrestre,L00469,via,generico_terrestre,L00475,,,,,,
S072,Sanremo (città),nominato_terrestre,L00469,casa,generico_terrestre,L00476,,,,,,
S072,Sanremo (città),nominato_terrestre,L00469,salotto,generico_terrestre,L00477,,,,,,
S072,Sanremo (città),nominato_terrestre,L00469,porto,generico_terrestre,L00478,,,,,,
S073,prato,generico_terrestre,L00479,,,,,,,,,
S073,città,generico_terrestre,L00482,casa,generico_terrestre,L00480,,,,,,
S073,città,generico_terrestre,L00482,piazza,generico_terrestre,L00481,,,,,,
S073,città,generico_terrestre,L00482,,,,,,,,,
S073,foresta,generico_terrestre,L00483,,,,,,,,,
S074,Atrabilia,inventato,L00484,,,,,,,,,
S074,Cocinindia,inventato,L00485,,,,,,,,,
S074,Mantecablanca,inventato,L00486,,,,,,,,,
S075,Eucalipto,inventato,L00488,rive,generico_terrestre,L00487,,,,,,
S075,Eucalipto,inventato,L00488,,,,,,,,,
S076,cielo,generico_terrestre,L00489,,,,,,,,,
S076,Brema,nominato_terrestre,L00490,,,,,,,,,
S077,Parigi,nominato_terrestre,L00494,Champs Elysèes,nominato_terrestre,L00491,,,,,,
S077,Parigi,nominato_terrestre,L00494,Rue de la Paix,nominato_terrestre,L00492,,,,,,
S077,Parigi,nominato_terrestre,L00494,studio,generico_terrestre,L00493,,,,,,
S077,Parigi,nominato_terrestre,L00494,,,,,,,,,
S077,Recanati,nominato_terrestre,L00495,,,,,,,,,
S078,paese,generico_terrestre,L00496,,,,,,,,,
S078,paese,generico_terrestre,L00496,Edi-Piaf (fabbrica),inventato,L00497,,,,,,
S078,paese,generico_terrestre,L00496,casamento,generico_terrestre,L00498,,,,,,
S078,paese,generico_terrestre,L00496,casamento,generico_terrestre,L00498,stanza,generico_terrestre,L00499,,,
S078,treno,generico_terrestre,L00500,,,,,,,,,
S078,baita,generico_terrestre,L00501,,,,,,,,,
S078,prato,generico_terrestre,L00502,,,,,,,,,
S079,paese,generico_terrestre,L00503,,,,,,,,,
S079,paese,generico_terrestre,L00503,aranceti,generico_terrestre,L00504,,,,,,
S079,paese,generico_terrestre,L00503,vie,generico_terrestre,L00505,,,,,,
S079,paese,generico_terrestre,L00503,moschea,generico_terrestre,L00506,,,,,,
S079,deserto,generico_terrestre,L00507,,,,,,,,,
S079,deserto,generico_terrestre,L00507,torre,generico_terrestre,L00508,,,,,,
S080,paese,generico_terrestre,L00509,,,,,,,,,
S081,Terra,nominato_non_terrestre,L00510,,,,,,,,,
S081,Terra,nominato_non_terrestre,L00510,regione,generico_terrestre,L00511,,,,,,
S081,navicella,generico_terrestre,L00512,,,,,,,,,
S081,Terra,nominato_non_terrestre,L00510,regione,generico_terrestre,L00511,città,generico_terrestre,L00513,,,
S081,spazi,generico_non_terrestre,L00514,,,,,,,,,
S082,paese,generico_terrestre,L00515,,,,,,,,,
S083,città,generico_terrestre,L00524,ospedale,generico_terrestre,L00516,,,,,,
S083,città,generico_terrestre,L00524,laboratorio,generico_terrestre,L00517,,,,,,
S083,città,generico_terrestre,L00524,casa,generico_terrestre,L00518,,,,,,
S083,città,generico_terrestre,L00524,ditta,generico_terrestre,L00519,,,,,,
S083,città,generico_terrestre,L00524,vie,generico_terrestre,L00520,,,,,,
S083,città,generico_terrestre,L00524,viali,generico_terrestre,L00521,,,,,,
S083,città,generico_terrestre,L00524,casa,generico_terrestre,L00518,alloggio,generico_terrestre,L00522,,,
S083,città,generico_terrestre,L00524,casa,generico_terrestre,L00518,terrazzo,generico_terrestre,L00523,,,
S083,città,generico_terrestre,L00524,,,,,,,,,
S084,fuori città,generico_terrestre,L00525,,,,,,,,,
S084,mare,generico_terrestre,L00526,,,,,,,,,
S084,mercati,generico_terrestre,L00527,,,,,,,,,
S084,alloggio,generico_terrestre,L00528,,,,,,,,,
S084,alloggio,generico_terrestre,L00528,laboratorio,generico_terrestre,L00529,,,,,,
S085,città,generico_terrestre,L00530,,,,,,,,,
S085,città,generico_terrestre,L00530,case operaie,generico_terrestre,L00531,,,,,,
S085,città,generico_terrestre,L00530,marciapiede,generico_terrestre,L00532,,,,,,
S085,città,generico_terrestre,L00530,seminterrato,generico_terrestre,L00533,,,,,,
S085,città,generico_terrestre,L00530,via,generico_terrestre,L00534,,,,,,
S085,città,generico_terrestre,L00530,strada,generico_terrestre,L00535,,,,,,
S085,città,generico_terrestre,L00530,piazza,generico_terrestre,L00536,,,,,,
S086,tetto,generico_terrestre,L00537,,,,,,,,,
S086,stabile,generico_terrestre,L00539,mansarda,generico_terrestre,L00538,,,,,,
S086,stabile,generico_terrestre,L00539,,,,,,,,,
V005,Ombrosa,inventato,L00541,villa d'Ombrosa,inventato,L00540,,,,,,
V005,Ombrosa,inventato,L00541,,,,,,,,,
V005,Ombrosa,inventato,L00541,villa d'Ombrosa,inventato,L00540,giardino (villa),generico_terrestre,L00542,,,
V005,Ombrosa,inventato,L00541,elce,generico_terrestre,L00543,,,,,,
V005,Ombrosa,inventato,L00541,olmo,generico_terrestre,L00544,,,,,,
V005,Ombrosa,inventato,L00541,carrubo,generico_terrestre,L00545,,,,,,
V005,Ombrosa,inventato,L00541,gelso,generico_terrestre,L00546,,,,,,
V005,Ombrosa,inventato,L00541,muro,generico_terrestre,L00547,,,,,,
V005,Ombrosa,inventato,L00541,magnolia,generico_terrestre,L00548,,,,,,
V005,Ombrosa,inventato,L00541,villa d'Ondariva,inventato,L00565,giardino (D'Ondariva),generico_terrestre,L00549,,,
V005,Ombrosa,inventato,L00541,platano,generico_terrestre,L00550,,,,,,
V005,Ombrosa,inventato,L00541,parchi,generico_terrestre,L00551,,,,,,
V005,Ombrosa,inventato,L00541,valle,generico_terrestre,L00552,,,,,,
V005,Ombrosa,inventato,L00541,ciliegio,generico_terrestre,L00553,,,,,,
V005,Ombrosa,inventato,L00541,carrubo,generico_terrestre,L00554,,,,,,
V005,Ombrosa,inventato,L00541,susino,generico_terrestre,L00555,,,,,,
V005,Ombrosa,inventato,L00541,fico,generico_terrestre,L00556,,,,,,
V005,Ombrosa,inventato,L00541,pesco,generico_terrestre,L00557,,,,,,
V005,Ombrosa,inventato,L00541,olivo,generico_terrestre,L00558,,,,,,
V005,Ombrosa,inventato,L00541,rovere,generico_terrestre,L00559,,,,,,
V005,Ombrosa,inventato,L00541,Vasca Grande,inventato,L00560,,,,,,
V005,Ombrosa,inventato,L00541,frutteto,generico_terrestre,L00561,,,,,,
V005,Ombrosa,inventato,L00541,strada,generico_terrestre,L00562,,,,,,
V005,Ombrosa,inventato,L00541,spiaggia,generico_terrestre,L00563,,,,,,
V005,Ombrosa,inventato,L00541,pino,generico_terrestre,L00564,,,,,,
V005,Ombrosa,inventato,L00541,villa d'Ondariva,inventato,L00565,,,,,,
V005,Ombrosa,inventato,L00541,bosco,generico_terrestre,L00566,,,,,,
V005,Ombrosa,inventato,L00541,Porta Capperi,inventato,L00567,,,,,,
V005,Ombrosa,inventato,L00541,salice,generico_terrestre,L00568,,,,,,
V005,Ombrosa,inventato,L00541,faggio,generico_terrestre,L00569,,,,,,
V005,Ombrosa,inventato,L00541,stanzetta,generico_terrestre,L00570,,,,,,
V005,Ombrosa,inventato,L00541,sagrato,generico_terrestre,L00571,,,,,,
V005,Ombrosa,inventato,L00541,cattedrale,generico_terrestre,L00572,,,,,,
V005,Ombrosa,inventato,L00541,vallata,generico_terrestre,L00573,,,,,,
V005,Ombrosa,inventato,L00541,melograno,generico_terrestre,L00574,,,,,,
V005,Ombrosa,inventato,L00541,campo,generico_terrestre,L00575,,,,,,
V005,Ombrosa,inventato,L00541,noce,generico_terrestre,L00576,,,,,,
V005,Ombrosa,inventato,L00541,castagno,generico_terrestre,L00577,,,,,,
V005,Ombrosa,inventato,L00541,tana,generico_terrestre,L00578,,,,,,
V005,Ombrosa,inventato,L00541,casa del gabelliere,generico_terrestre,L00579,,,,,,
V005,Ombrosa,inventato,L00541,prigione,generico_terrestre,L00580,,,,,,
V005,Ombrosa,inventato,L00541,piazza,generico_terrestre,L00581,,,,,,
V005,Ombrosa,inventato,L00541,bottega,generico_terrestre,L00582,,,,,,
V005,Ombrosa,inventato,L00541,porto,generico_terrestre,L00583,,,,,,
V005,Ombrosa,inventato,L00541,riva,generico_terrestre,L00584,,,,,,
V005,Ombrosa,inventato,L00541,grotta,generico_terrestre,L00585,,,,,,
V005,mare,generico_terrestre,L00587,barca,generico_terrestre,L00586,,,,,,
V005,mare,generico_terrestre,L00587,,,,,,,,,
V005,Ombrosa,inventato,L00541,cimitero,generico_terrestre,L00588,,,,,,
V005,Olivabassa,inventato,L00589,,,,,,,,,
V005,Olivabassa,inventato,L00589,platano,generico_terrestre,L00590,,,,,,
V005,Olivabassa,inventato,L00589,ciliegio,generico_terrestre,L00591,,,,,,
V005,Olivabassa,inventato,L00589,mandorlo,generico_terrestre,L00592,,,,,,
V005,Olivabassa,inventato,L00589,quercia,generico_terrestre,L00593,,,,,,
V005,Ombrosa,inventato,L00541,Quercia delle Cinque Passere,inventato,L00594,,,,,,
V005,Ombrosa,inventato,L00541,orti,generico_terrestre,L00595,,,,,,
V005,Parigi,nominato_terrestre,L00595b,,,,,,,,,
V005,Ombrosa,inventato,L00541,bandita,generico_terrestre,L00596,,,,,,
V005,Ombrosa,inventato,L00541,prato,generico_terrestre,L00597,,,,,,
V005,Ombrosa,inventato,L00541,frassino,generico_terrestre,L00598,,,,,,
V005,Ombrosa,inventato,L00541,castagneto,generico_terrestre,L00599,,,,,,
V005,Ombrosa,inventato,L00541,piazza,generico_terrestre,L00600,,,,,,
V005,Ombrosa,inventato,L00541,padiglione,generico_terrestre,L00601,,,,,,
V005,Ombrosa,inventato,L00541,parco,generico_terrestre,L00602,,,,,,
V005,Ombrosa,inventato,L00541,carrozza,generico_terrestre,L00603,,,,,,
V005,Ombrosa,inventato,L00541,osteria,generico_terrestre,L00604,,,,,,
V005,Ombrosa,inventato,L00541,glicine,generico_terrestre,L00605,,,,,,
V005,Ombrosa,inventato,L00541,vigne,generico_terrestre,L00606,,,,,,
V005,Ombrosa,inventato,L00541,colline,generico_terrestre,L00607,,,,,,
V005,Ombrosa,inventato,L00541,palazzo,generico_terrestre,L00608,,,,,,
V005,Ombrosa,inventato,L00541,Cammino dell'Artiglieria,nominato_terrestre,L00609,,,,,,
V005,mongolfiera,generico_terrestre,L00610,,,,,,,,,
S087,no ambientazione,no_ambientazione,L00610b,,,,,,,,,
S088,treno,generico_terrestre,L00611,,,,,,,,,
S088,Riviera,nominato_terrestre,L00612,,,,,,,,,
S088,Riviera,nominato_terrestre,L00612,*** (Sanremo),nominato_terrestre,L00613,,,,,,
S088,Riviera,nominato_terrestre,L00612,*** (Sanremo),nominato_terrestre,L00613,villa,generico_terrestre,L00614,,,
S088,Riviera,nominato_terrestre,L00612,*** (Sanremo),nominato_terrestre,L00613,studio (avvocato),generico_terrestre,L00615,,,
S088,Riviera,nominato_terrestre,L00612,*** (Sanremo),nominato_terrestre,L00613,via principale,generico_terrestre,L00616,,,
S088,T. (Torino),nominato_terrestre,L00617,,,,,,,,,
S088,T. (Torino),nominato_terrestre,L00617,ristorante,generico_terrestre,L00618,,,,,,
S088,Riviera,nominato_terrestre,L00612,*** (Sanremo),nominato_terrestre,L00613,ufficio,generico_terrestre,L00619,,,
S088,Riviera,nominato_terrestre,L00612,*** (Sanremo),nominato_terrestre,L00613,caffè Melina,nominato_terrestre,L00620,,,
S088,Riviera,nominato_terrestre,L00612,*** (Sanremo),nominato_terrestre,L00613,studio (notaio),generico_terrestre,L00621,,,
S088,Riviera,nominato_terrestre,L00612,*** (Sanremo),nominato_terrestre,L00613,Serenella,nominato_terrestre,L00622,,,
S088,Riviera,nominato_terrestre,L00612,*** (Sanremo),nominato_terrestre,L00613,affittacamere,generico_terrestre,L00623,,,
S089,Riviera,nominato_terrestre,L00612,*** (Sanremo),nominato_terrestre,L00613,cantiere,generico_terrestre,L00624,,,
S088,Roma,nominato_terrestre,L00625,,,,,,,,,
S088,Cannes,nominato_terrestre,L00626,,,,,,,,,
S089,Riviera,nominato_terrestre,L00612,*** (Sanremo),nominato_terrestre,L00613,casa,generico_terrestre,L00627,,,
S089,razzo,generico_terrestre,L00628,,,,,,,,,
S089,foresta,generico_terrestre,L00629,,,,,,,,,
S090,Scozia,nominato_terrestre,L00632,castello,generico_terrestre,L00631,stanza,generico_terrestre,L00630,,,
S090,Scozia,nominato_terrestre,L00632,castello,generico_terrestre,L00631,,,,,,
S090,Scozia,nominato_terrestre,L00632,,,,,,,,,
S091,Roma,nominato_terrestre,L00634,Senato,generico_terrestre,L00633,,,,,,
S091,Roma,nominato_terrestre,L00634,,,,,,,,,
S092,fabbrica,generico_terrestre,L00635,cortiletto,generico_terrestre,L00635,,,,,,
S092,fabbrica,generico_terrestre,L00635,,,,,,,,,
S092,fabbrica,generico_terrestre,L00635,reparto,generico_terrestre,L00637,,,,,,
S092,fabbrica,generico_terrestre,L00635,ufficio,generico_terrestre,L00638,,,,,,
S092,fabbrica,generico_terrestre,L00635,studio,generico_terrestre,L00639,,,,,,
S093,città,generico_terrestre,L00640,,,,,,,,,
S093,città,generico_terrestre,L00640,Sbav,inventato,L00643,uffici,generico_terrestre,L00642,stanze,generico_terrestre,L00641
S093,città,generico_terrestre,L00640,Sbav,inventato,L00643,uffici,generico_terrestre,L00642,,,
S093,città,generico_terrestre,L00640,Sbav,inventato,L00643,,,,,,
S093,città,generico_terrestre,L00640,Sbav,inventato,L00643,sala,generico_terrestre,L00644,,,
S093,città,generico_terrestre,L00640,Sbav,inventato,L00643,salone,generico_terrestre,L00645,,,
S093,città,generico_terrestre,L00640,Sbav,inventato,L00643,sotterranei,generico_terrestre,L00646,,,
S094,rampa,generico_terrestre,L00647,,,,,,,,,
S094,capo,generico_terrestre,L00648,,,,,,,,,
S094,capo,generico_terrestre,L00648,scoglio,generico_terrestre,L00649,,,,,,
S094,mare,generico_terrestre,L00650,,,,,,,,,
S094,capo,generico_terrestre,L00648,riva,generico_terrestre,L00651,,,,,,
S094,capo,generico_terrestre,L00648,cala,generico_terrestre,L00652,,,,,,
S095,Torino (città),nominato_terrestre,L00653,,,,,,,,,
S095,Torino (città),nominato_terrestre,L00653,appartamento,generico_terrestre,L00659,camera,generico_terrestre,L00654,,,
S095,Torino (città),nominato_terrestre,L00653,Ente,generico_terrestre,L00655,,,,,,
S095,Torino (città),nominato_terrestre,L00653,appartamento,generico_terrestre,L00659,cucina,generico_terrestre,L00656,,,
S095,Torino (città),nominato_terrestre,L00653,quartiere,generico_terrestre,L00657,,,,,,
S095,Torino (città),nominato_terrestre,L00653,Ente,generico_terrestre,L00655,ufficio,generico_terrestre,L00658,,,
S095,Torino (città),nominato_terrestre,L00653,appartamento,generico_terrestre,L00659,,,,,,
S095,Torino (città),nominato_terrestre,L00653,ristorantini,generico_terrestre,L00660,,,,,,
S095,Torino (città),nominato_terrestre,L00653,cinema,generico_terrestre,L00661,,,,,,
S095,Torino (città),nominato_terrestre,L00653,birreria «Urbano Rattazzi»,inventato,L00662,,,,,,
S095,Torino (città),nominato_terrestre,L00653,stazione,generico_terrestre,L00663,,,,,,
S095,Torino (città),nominato_terrestre,L00653,albergo,generico_terrestre,L00664,,,,,,
S095,Torino (città),nominato_terrestre,L00653,collina,generico_terrestre,L00665,,,,,,
S095,Torino (città),nominato_terrestre,L00653,trattoria,generico_terrestre,L00666,,,,,,
S095,Torino (città),nominato_terrestre,L00653,periferia ,generico_terrestre,L00667,,,,,,
S095,Torino (città),nominato_terrestre,L00653,Wafd,inventato,L00668,,,,,,
S095,Torino (città),nominato_terrestre,L00653,Wafd,inventato,L00668,studio ,generico_terrestre,L00669,,,
S095,Torino (città),nominato_terrestre,L00653,sala,generico_terrestre,L00670,,,,,,
S095,Torino (città),nominato_terrestre,L00653,parco,generico_terrestre,L00671,,,,,,
S095,Torino (città),nominato_terrestre,L00653,viale,generico_terrestre,L00672,,,,,,
S095,Torino (città),nominato_terrestre,L00653,salone,generico_terrestre,L00673,,,,,,
S095,Torino (città),nominato_terrestre,L00653,caffè,generico_terrestre,L00674,,,,,,
S095,Torino (città),nominato_terrestre,L00653,controviale,generico_terrestre,L00675,,,,,,
S095,Torino (città),nominato_terrestre,L00653,incrocio,generico_terrestre,L00676,,,,,,
S095,Torino (città),nominato_terrestre,L00653,via,generico_terrestre,L00677,,,,,,
S095,Barca Bertulla,inventato,L00678,,,,,,,,,
S095,Barca Bertulla,inventato,L00678,strada,generico_terrestre,L00679,,,,,,
S095,Barca Bertulla,inventato,L00678,prati,generico_terrestre,L00680,,,,,,
S095,Barca Bertulla,inventato,L00678,campi,generico_terrestre,L00681,,,,,,
S095,Barca Bertulla,inventato,L00678,campagna,generico_terrestre,L00682,,,,,,
S096,città,generico_terrestre,L00683,,,,,,,,,
S096,città,generico_terrestre,L00683,Farmaceutica Paulatim S. A.,inventato,L00684,,,,,,
S096,città,generico_terrestre,L00683,Villa Ottavia,inventato,L00685,,,,,,
S096,città,generico_terrestre,L00683,Villa Ottavia,inventato,L00685,giardino,generico_terrestre,L00686,,,
S096,città,generico_terrestre,L00683,via,generico_terrestre,L00687,,,,,,
S097,Italia Settentrionale,nominato_terrestre,L00689,città,generico_terrestre,L00688,,,,,,
S097,Italia settentrionale,nominato_terrestre,L00689,,,,,,,,,
S097,Roma,nominato_terrestre,L00690,,,,,,,,,
S097,Italia Settentrionale,nominato_terrestre,L00689,città,generico_terrestre,L00688,stazione,generico_terrestre,L00691,,,
S097,scompartimento,generico_terrestre,L00692,,,,,,,,,
S097,Genova,nominato_terrestre,L00693,,,,,,,,,
S097,toilette,generico_terrestre,L00694,,,,,,,,,
S097,Genova,nominato_terrestre,L00693,Stazione Principe,nominato_terrestre,L00695,,,,,,
S097,Genova,nominato_terrestre,L00693,Genova-Brignole,nominato_terrestre,L00696,,,,,,
S097,Roma,nominato_terrestre,L00690,stazione Termini,nominato_terrestre,L00697,,,,,,
S098,piazza,generico_terrestre,L00698,,,,,,,,,
S098,piazza,generico_terrestre,L00698,giardino pubblico,generico_terrestre,L00699,,,,,,
S098,vie,generico_terrestre,L00700,,,,,,,,,
S098,piazza,generico_terrestre,L00698,panchina,generico_terrestre,L00701,,,,,,
S098,camera,generico_terrestre,L00702,,,,,,,,,
S098,piazza,generico_terrestre,L00698,fontana,generico_terrestre,L00703,,,,,,
S098,piazza,generico_terrestre,L00698,aiola,generico_terrestre,L00704,,,,,,
S099,letto,generico_terrestre,L00705,,,,,,,,,
S099,muretto,generico_terrestre,L00706,,,,,,,,,
S099,prato,generico_terrestre,L00707,,,,,,,,,
S099,strada ferrata,generico_terrestre,L00708,,,,,,,,,
S099,mare,generico_terrestre,L00709,,,,,,,,,
S100,città vecchia,generico_terrestre,L00711,vicolo,generico_terrestre,L00710,,,,,,
S100,città vecchia,generico_terrestre,L00711,,,,,,,,,
S100,città nuova,generico_terrestre,L00712,,,,,,,,,
S100,città nuova,generico_terrestre,L00712,portone (casa),generico_terrestre,L00713,,,,,,
S101,città,generico_terrestre,L00715,strada,generico_terrestre,L00714,,,,,,
S101,città,generico_terrestre,L00715,,,,,,,,,
S101,città,generico_terrestre,L00715,cinema,generico_terrestre,L00716,,,,,,
S101,città,generico_terrestre,L00715,fermata,generico_terrestre,L00717,,,,,,
S101,città,generico_terrestre,L00715,marciapiede,generico_terrestre,L00718,,,,,,
S101,città,generico_terrestre,L00715,vie,generico_terrestre,L00719,,,,,,
S101,Settentrione,nominato_terrestre,L00721,V.,nominato_terrestre,L00720,,,,,,
S101,Settentrione,nominato_terrestre,L00721,,,,,,,,,
S101,Settentrione,nominato_terrestre,L00721,V.,nominato_terrestre,L00720,strada,generico_terrestre,L00722,,,
S102,angolo,generico_terrestre,L00723,,,,,,,,,
S102,via,generico_terrestre,L00724,,,,,,,,,
S102,bar,generico_terrestre,L00725,,,,,,,,,
S102,marciapiede,generico_terrestre,L00726,,,,,,,,,
S102,portone (casa),generico_terrestre,L00727,,,,,,,,,
S103,casa,generico_terrestre,L00728,,,,,,,,,
S103,casa,generico_terrestre,L00728,cucina,generico_terrestre,L00729,,,,,,
S103,casa,generico_terrestre,L00728,camera,generico_terrestre,L00730,,,,,,
S103,casa,generico_terrestre,L00728,bagno,generico_terrestre,L00731,,,,,,
S103,casa,generico_terrestre,L00728,pianerottolo,generico_terrestre,L00732,,,,,,
S103,casa,generico_terrestre,L00728,scale,generico_terrestre,L00733,,,,,,
S103,strade,generico_terrestre,L00734,,,,,,,,,
S104,barca,generico_terrestre,L00735,,,,,,,,,
S104,Meridione,nominato_terrestre,L00737,costa,generico_terrestre,L00736,,,,,,
S104,Meridione,nominato_terrestre,L00737,,,,,,,,,
S104,Meridione,nominato_terrestre,L00737,costa,generico_terrestre,L00736,grotta,generico_terrestre,L00738,,,
S104,acqua (mare),generico_terrestre,L00739,,,,,,,,,
S105,skilift,generico_terrestre,L00740,,,,,,,,,
S105,pista,generico_terrestre,L00741,,,,,,,,,
S105,cima,generico_terrestre,L00742,,,,,,,,,
S105,stazione di partenza,generico_terrestre,L00743,,,,,,,,,
S105,colle,generico_terrestre,L00744,,,,,,,,,
V008,Francia,nominato_terrestre,L00746,Parigi,nominato_terrestre,L00745,,,,,,
V008,Francia,nominato_terrestre,L00746,,,,,,,,,
V008,Francia,nominato_terrestre,L00746,Parigi,nominato_terrestre,L00745,campo,generico_terrestre,L00747,,,
V008,Francia,nominato_terrestre,L00746,Parigi,nominato_terrestre,L00745,campo,generico_terrestre,L00747,tenda,generico_terrestre,L00748
V008,strada,generico_terrestre,L00749,,,,,,,,,
V008,valle,generico_terrestre,L00750,,,,,,,,,
V008,convento,generico_terrestre,L00751,,,,,,,,,
V008,pianura,generico_terrestre,L00752,,,,,,,,,
V008,sentieri,generico_terrestre,L00753,,,,,,,,,
V008,greto,generico_terrestre,L00754,,,,,,,,,
V008,Francia,nominato_terrestre,L00746,Parigi,nominato_terrestre,L00745,campo,generico_terrestre,L00747,cucine,generico_terrestre,L00755
V008,collina,generico_terrestre,L00756,,,,,,,,,
V008,bosco,generico_terrestre,L00757,,,,,,,,,
V008,riva,generico_terrestre,L00758,,,,,,,,,
V008,città,generico_terrestre,L00759,,,,,,,,,
V008,castello,generico_terrestre,L00760,,,,,,,,,
V008,Inghilterra,nominato_terrestre,L00761,,,,,,,,,
V008,Inghilterra,nominato_terrestre,L00761,monastero,generico_terrestre,L00762,,,,,,
V008,Inghilterra,nominato_terrestre,L00761,porto,generico_terrestre,L00763,,,,,,
V008,mare,generico_terrestre,L00764,,,,,,,,,
V008,nave,generico_terrestre,L00765,,,,,,,,,
V008,Marocco,nominato_terrestre,L00766,,,,,,,,,
V008,Marocco,nominato_terrestre,L00766,riva,generico_terrestre,L00767,,,,,,
V008,Marocco,nominato_terrestre,L00766,palazzo,generico_terrestre,L00768,,,,,,
V008,feluca,generico_terrestre,L00769,,,,,,,,,
V008,grotta,generico_terrestre,L00770,,,,,,,,,
V008,Curvaldia,inventato,L00771,,,,,,,,,
V008,radura,generico_terrestre,L00772,,,,,,,,,
V008,accampamento,generico_terrestre,L00773,,,,,,,,,
V008,Curvaldia,inventato,L00771,villaggi,generico_terrestre,L00774,,,,,,
V008,nazioni,generico_terrestre,L00775,,,,,,,,,
V008,Francia,nominato_terrestre,L00746,Bretagna,nominato_terrestre,L00777,spiaggia,generico_terrestre,L00776,,,
V008,Francia,nominato_terrestre,L00746,Bretagna,nominato_terrestre,L00777,,,,,,
V008,declivio,generico_terrestre,L00778,,,,,,,,,
V008,prato,generico_terrestre,L00779,,,,,,,,,
S106,Sanremo,nominato_terrestre,L00788,strada di San Pietro,nominato_terrestre,L00780,,,,,,
S106,San Giovanni,nominato_terrestre,L00781,,,,,,,,,
S106,Sanremo,nominato_terrestre,L00788,strada di San Giovanni,nominato_terrestre,L00782,,,,,,
S106,Sanremo,nominato_terrestre,L00788,casa,generico_terrestre,L00783,,,,,,
S106,Sanremo,nominato_terrestre,L00788,ponte di Baragallo,nominato_terrestre,L00784,,,,,,
S106,Sanremo,nominato_terrestre,L00788,mulattiera di Tasciaire,nominato_terrestre,L00785,,,,,,
S106,San Giovanni,nominato_terrestre,L00781,villa,generico_terrestre,L00786,,,,,,
S106,Sanremo,nominato_terrestre,L00788,valle,generico_terrestre,L00787,,,,,,
S106,Sanremo,nominato_terrestre,L00788,,,,,,,,,
V009,Torino,nominato_terrestre,L00794,casa ,generico_terrestre,L00789,,,,,,
V009,Torino,nominato_terrestre,L00794,Cottolengo o Piccola Casa della Divina Provvidenza,nominato_terrestre,L00793,seggio elettorale,generico_terrestre,L00790,,,
V009,Torino,nominato_terrestre,L00794,vie,generico_terrestre,L00791,,,,,,
V009,Torino,nominato_terrestre,L00794,quartiere,generico_terrestre,L00792,,,,,,
V009,Torino,nominato_terrestre,L00794,Cottolengo o Piccola Casa della Divina Provvidenza,nominato_terrestre,L00793,,,,,,
V009,Torino,nominato_terrestre,L00794,,,,,,,,,
V009,Torino,nominato_terrestre,L00794,Cottolengo o Piccola Casa della Divina Provvidenza,nominato_terrestre,L00793,seggio elettorale,generico_terrestre,,sezione (elettorale),generico_terrestre,L00796
V009,Torino,nominato_terrestre,L00794,Cottolengo o Piccola Casa della Divina Provvidenza,nominato_terrestre,L00793,cortile,generico_terrestre,L00797,,,
V009,Torino,nominato_terrestre,L00794,appartamento,generico_terrestre,L00798,,,,,,
V009,Torino,nominato_terrestre,L00794,Cottolengo o Piccola Casa della Divina Provvidenza,nominato_terrestre,L00793,reparto,generico_terrestre,L00799,,,
V009,Torino,nominato_terrestre,L00794,Cottolengo o Piccola Casa della Divina Provvidenza,nominato_terrestre,L00793,camerone,generico_terrestre,L00800,,,
V009,Torino,nominato_terrestre,L00794,Cottolengo o Piccola Casa della Divina Provvidenza,nominato_terrestre,L00793,veranda,generico_terrestre,L00801,,,
V009,Torino,nominato_terrestre,L00794,Cottolengo o Piccola Casa della Divina Provvidenza,nominato_terrestre,L00793,ufficio,generico_terrestre,L00802,,,
V009,Torino,nominato_terrestre,L00794,Cottolengo o Piccola Casa della Divina Provvidenza,nominato_terrestre,L00793,dormitori,generico_terrestre,L00803,,,
S107,clinica,generico_terrestre,L00805,reparto,generico_terrestre,L00804,,,,,,
S107,clinica,generico_terrestre,L00805,,,,,,,,,
S108,città,generico_terrestre,L00806,,,,,,,,,
S108,città,generico_terrestre,L00806,supermarket,generico_terrestre,L00807,,,,,,
S108,città,generico_terrestre,L00806,impalcatura,generico_terrestre,L00808,,,,,,
S109,città,generico_terrestre,L00812,ditta,generico_terrestre,L00809,,,,,,
S109,città,generico_terrestre,L00812,ditta,generico_terrestre,L00809,magazzino,generico_terrestre,L00810,,,
S109,città,generico_terrestre,L00812,ditta,generico_terrestre,L00809,cortile,generico_terrestre,L00811,,,
S109,città,generico_terrestre,L00812,,,,,,,,,
S109,città,generico_terrestre,L00812,casa,generico_terrestre,L00813,,,,,,
S109,città,generico_terrestre,L00812,quartiere,generico_terrestre,L00814,,,,,,
S109,città,generico_terrestre,L00812,vie,generico_terrestre,L00815,,,,,,
S109,città,generico_terrestre,L00812,corsi,generico_terrestre,L00816,,,,,,
S109,città,generico_terrestre,L00812,piazze,generico_terrestre,L00817,,,,,,
S109,città,generico_terrestre,L00812,incrocio,generico_terrestre,L00818,,,,,,
S109,città,generico_terrestre,L00812,lungofiumi,generico_terrestre,L00819,,,,,,
S109,città,generico_terrestre,L00812,ponti,generico_terrestre,L00820,,,,,,
S110,città,generico_terrestre,L00824,cinema,generico_terrestre,L00821,,,,,,
S110,città,generico_terrestre,L00824,fermata,generico_terrestre,L00822,,,,,,
S110,città,generico_terrestre,L00824,via,generico_terrestre,L00823,,,,,,
S110,città,generico_terrestre,L00824,,,,,,,,,
S110,città,generico_terrestre,L00824,marciapiede,generico_terrestre,L00825,,,,,,
S110,città,generico_terrestre,L00824,piazza,generico_terrestre,L00826,,,,,,
S110,città,generico_terrestre,L00824,bar,generico_terrestre,L00827,,,,,,
S110,città,generico_terrestre,L00824,osteria,generico_terrestre,L00828,,,,,,
S110,città,generico_terrestre,L00824,isolato,generico_terrestre,L00829,,,,,,
S110,città,generico_terrestre,L00824,muro,generico_terrestre,L00830,,,,,,
S110,città,generico_terrestre,L00824,tetto,generico_terrestre,L00831,,,,,,
S110,città,generico_terrestre,L00824,vuoto,generico_terrestre,L00832,,,,,,
S110,città,generico_terrestre,L00824,incrocio,generico_terrestre,L00833,,,,,,
S110,città,generico_terrestre,L00824,strada,generico_terrestre,L00834,,,,,,
S110,areroplano,generico_terrestre,L00835,,,,,,,,,
S111,città,generico_terrestre,L00842,quartiere,generico_terrestre,L00836,,,,,,
S111,città,generico_terrestre,L00842,negozio,generico_terrestre,L00837,,,,,,
S111,città,generico_terrestre,L00842,drogheria,generico_terrestre,L00838,,,,,,
S111,città,generico_terrestre,L00842,case,generico_terrestre,L00839,,,,,,
S111,città,generico_terrestre,L00842,Casa Marcovaldo,inventato,L00840,,,,,,
S111,città,generico_terrestre,L00842,ponte,generico_terrestre,L00841,,,,,,
S111,città,generico_terrestre,L00842,,,,,,,,,
S111,città,generico_terrestre,L00842,fabbriche,generico_terrestre,L00843,,,,,,
S112,rive,generico_terrestre,L00844,,,,,,,,,
S112,rive,generico_terrestre,L00844,spiazzo,generico_terrestre,L00845,,,,,,
S112,fiume,generico_terrestre,L00846,,,,,,,,,
S113,città,generico_terrestre,L00847,,,,,,,,,
S113,città,generico_terrestre,L00847,strade,generico_terrestre,L00848,,,,,,
S113,città,generico_terrestre,L00847,piazze,generico_terrestre,L00849,,,,,,
S113,città,generico_terrestre,L00847,vie,generico_terrestre,L00850,,,,,,
S113,città,generico_terrestre,L00847,marciapiede,generico_terrestre,L00851,,,,,,
S114,città,generico_terrestre,L00852,,,,,,,,,
S114,città,generico_terrestre,L00852,ditta,generico_terrestre,L00853,,,,,,
S114,città,generico_terrestre,L00852,quartiere,generico_terrestre,L00854,,,,,,
S114,città,generico_terrestre,L00852,Ristorante Biarritz,inventato,L00855,,,,,,
S114,città,generico_terrestre,L00852,marciapiede,generico_terrestre,L00856,,,,,,
S114,città,generico_terrestre,L00852,via,generico_terrestre,L00857,,,,,,
S114,città,generico_terrestre,L00852,villetta,generico_terrestre,L00859,giardino,generico_terrestre,L00858,,,
S114,città,generico_terrestre,L00852,villetta,generico_terrestre,L00859,,,,,,
S114,città,generico_terrestre,L00852,cantiere,generico_terrestre,L00860,,,,,,
S115,città,generico_terrestre,L00863,Sbav,inventato,L00861,,,,,,
S115,città,generico_terrestre,L00863,Sbav,inventato,L00861,magazzino,generico_terrestre,L00862,,,
S115,città,generico_terrestre,L00863,,,,,,,,,
S115,città,generico_terrestre,L00863,casa,generico_terrestre,L00864,,,,,,
S115,città,generico_terrestre,L00863,quartiere,generico_terrestre,L00865,,,,,,
S115,città,generico_terrestre,L00863,casa,generico_terrestre,L00864,pianerottolo,generico_terrestre,L00866,,,
S115,città,generico_terrestre,L00863,villa,generico_terrestre,L00868,sala,generico_terrestre,L00867,,,
S115,città,generico_terrestre,L00863,villa,generico_terrestre,L00868,,,,,,
S115,città,generico_terrestre,L00863,via,generico_terrestre,L00869,,,,,,
S115,bosco,generico_terrestre,L00870,,,,,,,,,
S116,città,generico_terrestre,L00873,caffè,generico_terrestre,L00871,,,,,,
S116,città,generico_terrestre,L00873,casa,generico_terrestre,L00872,,,,,,
S116,città,generico_terrestre,L00873,,,,,,,,,
S116,città,generico_terrestre,L00873,strada,generico_terrestre,L00874,,,,,,
S116,città,generico_terrestre,L00873,fiume,generico_terrestre,L00876,ripe,generico_terrestre,L00875,,,
S116,città,generico_terrestre,L00873,fiume,generico_terrestre,L00876,,,,,,
S116,città,generico_terrestre,L00873,fiume,generico_terrestre,L00876,riva,generico_terrestre,L00877,,,
S117,città,generico_terrestre,L00879,letto,generico_terrestre,L00878,,,,,,
S117,città,generico_terrestre,L00879,,,,,,,,,
S117,città,generico_terrestre,L00879,vie,generico_terrestre,L00880,,,,,,
S117,città,generico_terrestre,L00879,strada,generico_terrestre,L00881,,,,,,
S117,città,generico_terrestre,L00879,corsi,generico_terrestre,L00882,,,,,,
S117,città,generico_terrestre,L00879,ditta,generico_terrestre,L00884,magazzino,generico_terrestre,L00883,,,
S117,città,generico_terrestre,L00879,ditta,generico_terrestre,L00884,,,,,,
S117,città,generico_terrestre,L00879,marciapiede,generico_terrestre,L00885,,,,,,
S117,città,generico_terrestre,L00879,cortile,generico_terrestre,L00886,,,,,,
S118,Terra,nominato_non_terrestre,L00889,Scogli di Zinco,inventato,L00887,,,,,,
S118,Luna,nominato_non_terrestre,L00888,,,,,,,,,
S118,Terra,nominato_non_terrestre,L00889,,,,,,,,,
S118,Terra,nominato_non_terrestre,L00889,acqua (mare),generico_terrestre,L00890,,,,,,
S119,nebule,generico_non_terrestre,L00891,,,,,,,,,
S119,Terra,nominato_non_terrestre,L00892,,,,,,,,,
S120,spazio,generico_non_terrestre,L00893,,,,,,,,,
S120,universo,generico_non_terrestre,L00894,,,,,,,,,
S120,universo,generico_non_terrestre,L00894,Via Lattea,nominato_non_terrestre,L00895,,,,,,
S120,universo,generico_non_terrestre,L00894,Via Lattea,nominato_non_terrestre,L00895,Sistema solare,nominato_non_terrestre,L00896,,,
S121,Terra,nominato_non_terrestre,L00904,punto,generico_non_terrestre,L00897,,,,,,
S121,Terra,nominato_non_terrestre,L00904,caffè,generico_terrestre,L00898,,,,,,
S121,Terra,nominato_non_terrestre,L00904,,,,,,,,,
S122,Terra,nominato_non_terrestre,L00904,pianure,generico_terrestre,L00900,,,,,,
S122,Terra,nominato_non_terrestre,L00904,continenti,generico_terrestre,L00901,,,,,,
S122,Terra,nominato_non_terrestre,L00904,deserto,generico_terrestre,L00902,,,,,,
S122,Terra,nominato_non_terrestre,L00904,vulcani,generico_terrestre,L00903,,,,,,
S122,Terra,nominato_non_terrestre,L00904,,,,,,,,,
S122,Terra,nominato_non_terrestre,L00904,lande,generico_terrestre,L00905,,,,,,
S122,Terra,nominato_non_terrestre,L00904,contrade,generico_terrestre,L00906,,,,,,
S122,Terra,nominato_non_terrestre,L00904,metropoli nuragica,generico_terrestre,L00907,,,,,,
S122,Terra,nominato_non_terrestre,L00904,montagna,generico_terrestre,L00908,,,,,,
S122,Terra,nominato_non_terrestre,L00904,giardino,generico_terrestre,L00909,,,,,,
S122,Terra,nominato_non_terrestre,L00904,regioni,generico_terrestre,L00910,,,,,,
S123,spazio,generico_non_terrestre,L00911,,,,,,,,,
S123,Sistema solare,nominato_non_terrestre,L00912,,,,,,,,,
S123,Sistema solare,nominato_non_terrestre,L00912,Terra,nominato_non_terrestre,L00913,,,,,,
S124,Terra,nominato_non_terrestre,L00922,acque ,generico_terrestre,L00914,,,,,,
S124,Terra,nominato_non_terrestre,L00922,laguna,generico_terrestre,L00915,,,,,,
S124,Terra,nominato_non_terrestre,L00922,pianure,generico_terrestre,L00916,,,,,,
S124,Terra,nominato_non_terrestre,L00922,colline,generico_terrestre,L00917,,,,,,
S124,Terra,nominato_non_terrestre,L00922,deserti,generico_terrestre,L00918,,,,,,
S124,Terra,nominato_non_terrestre,L00922,foreste,generico_terrestre,L00919,,,,,,
S124,Terra,nominato_non_terrestre,L00922,bosco,generico_terrestre,L00920,,,,,,
S124,Terra,nominato_non_terrestre,L00922,mare,generico_terrestre,L00921,,,,,,
S124,Terra,nominato_non_terrestre,L00922,,,,,,,,,
S125,Terra,nominato_non_terrestre,L00924,acqua (mare),generico_terrestre,L00923,,,,,,
S125,Terra,nominato_non_terrestre,L00924,,,,,,,,,
S125,Terra,nominato_non_terrestre,L00924,gobba,generico_terrestre,L00925,,,,,,
S125,Terra,nominato_non_terrestre,L00924,alture,generico_terrestre,L00926,,,,,,
S126,spazio,generico_non_terrestre,L00927,,,,,,,,,
S126,galassia,generico_non_terrestre,L00928,,,,,,,,,
S127,Terra,nominato_non_terrestre,L00929,,,,,,,,,
S127,Terra,nominato_non_terrestre,L00929,emisfero,generico_terrestre,L00930,,,,,,
S127,Terra,nominato_non_terrestre,L00929,capanna,generico_terrestre,L00931,,,,,,
S128,vuoto,generico_non_terrestre,L00932,,,,,,,,,
S128,spazio,generico_non_terrestre,L00933,,,,,,,,,
S128,universo,generico_non_terrestre,L00934,,,,,,,,,
S128,caverna,generico_non_terrestre,L00935,,,,,,,,,
S128,cunicolo,generico_non_terrestre,L00936,,,,,,,,,
S128,isola subspaziale,generico_non_terrestre,L00937,,,,,,,,,
S128,canyon,generico_non_terrestre,L00938,,,,,,,,,
S128,strapiombo,generico_non_terrestre,L00939,,,,,,,,,
S129,vuoto,generico_non_terrestre,L00940,,,,,,,,,
S129,pianeta,generico_non_terrestre,L00941,,,,,,,,,
S129,pianeta,generico_non_terrestre,L00941,campus,generico_non_terrestre,L00943,palazzina,generico_non_terrestre,L00942,,,
S129,pianeta,generico_non_terrestre,L00941,campus,generico_non_terrestre,L00943,,,,,,
S130,Terra,nominato_non_terrestre,L00947,altipiani,generico_terrestre,L00944,,,,,,
S130,Terra,nominato_non_terrestre,L00947,mondo,generico_terrestre,L00945,,,,,,
S130,Terra,nominato_non_terrestre,L00947,riva,generico_terrestre,L00946,,,,,,
S130,Terra,nominato_non_terrestre,L00947,,,,,,,,,
S130,Terra,nominato_non_terrestre,L00947,villaggio,generico_terrestre,L00948,,,,,,
S130,Terra,nominato_non_terrestre,L00947,rocce,generico_terrestre,L00949,,,,,,
S130,Terra,nominato_non_terrestre,L00947,diga,generico_terrestre,L00950,,,,,,
S130,Terra,nominato_non_terrestre,L00947,valletta,generico_terrestre,L00951,,,,,,
S130,Terra,nominato_non_terrestre,L00947,fiume,generico_terrestre,L00952,,,,,,
S130,Terra,nominato_non_terrestre,L00947,monti,generico_terrestre,L00953,,,,,,
S130,Terra,nominato_non_terrestre,L00947,bosco,generico_terrestre,L00954,,,,,,
S130,Terra,nominato_non_terrestre,L00947,valli ,generico_terrestre,L00955,,,,,,
S130,Terra,nominato_non_terrestre,L00947,pianure,generico_terrestre,L00956,,,,,,
S130,Terra,nominato_non_terrestre,L00947,stazione,generico_terrestre,L00957,,,,,,
S131,spazio,generico_non_terrestre,L00958,,,,,,,,,
S131,galassie,generico_non_terrestre,L00959,,,,,,,,,
S132,mare,generico_terrestre,L00961,scoglio,generico_terrestre,L00960,,,,,,
S132,mare,generico_terrestre,L00961,,,,,,,,,
S132,conchiglia,generico_terrestre,L00962,,,,,,,,,
S133,savana,generico_terrestre,L00963,,,,,,,,,
S133,vuoto,generico_terrestre,L00964,,,,,,,,,
S133,punto,generico_terrestre,L00965,,,,,,,,,
S134,spazio,generico_terrestre,L00966,,,,,,,,,
S134,vuoto,generico_terrestre,L00967,,,,,,,,,
S135,città,generico_terrestre,L00968,,,,,,,,,
S135,città,generico_terrestre,L00968,incrocio,generico_terrestre,L00969,,,,,,
S135,città,generico_terrestre,L00968,via,generico_terrestre,L00970,,,,,,
S135,città,generico_terrestre,L00968,strada,generico_terrestre,L00971,,,,,,
S136,Terra,nominato_non_terrestre,L00977,New Jersey,nominato_terrestre,L00972,,,,,,
S136,Terra,nominato_non_terrestre,L00977,rocce ,generico_terrestre,L00973,,,,,,
S136,Terra,nominato_non_terrestre,L00977,New York,nominato_terrestre,L00975,Penn Station,nominato_terrestre,L00974,,,
S136,Terra,nominato_non_terrestre,L00977,New York,nominato_terrestre,L00975,,,,,,
S136,Terra,nominato_non_terrestre,L00977,New York,nominato_terrestre,L00975,Second Avenue,nominato_terrestre,L00976,,,
S136,Terra,nominato_non_terrestre,L00977,New York,nominato_terrestre,L00975,,,,,,
S136,Terra,nominato_non_terrestre,L00977,New York,nominato_terrestre,L00975,ristorante,generico_terrestre,L00977,,,
S136,Terra,nominato_non_terrestre,L00977,New York,nominato_terrestre,L00975,Manhattan,nominato_terrestre,L00978,,,
S136,Terra,nominato_non_terrestre,L00977,vulcani,generico_terrestre,L00979,,,,,,
S136,Terra,nominato_non_terrestre,L00977,New York,nominato_terrestre,L00975,Staten Island,nominato_terrestre,L00980,,,
S136,Terra,nominato_non_terrestre,L00977,New York,nominato_terrestre,L00975,Battery,nominato_terrestre,L00981,,,
S136,Terra,nominato_non_terrestre,L00977,New York,nominato_terrestre,L00975,Downtown,nominato_terrestre,,,,
S137,Terra,nominato_non_terrestre,L00995,contrade,generico_terrestre,L00984,,,,,,
S137,Terra,nominato_non_terrestre,L00995,continente,generico_terrestre,L00985,,,,,,
S137,Terra,nominato_non_terrestre,L00995,costa,generico_terrestre,L00986,,,,,,
S137,Terra,nominato_non_terrestre,L00995,colline,generico_terrestre,L00987,,,,,,
S137,Terra,nominato_non_terrestre,L00995,Continente degli Uccelli,inventato,L00988,,,,,,
S137,Terra,nominato_non_terrestre,L00995,baratro,generico_terrestre,L00989,,,,,,
S137,Terra,nominato_non_terrestre,L00995,mondo,generico_terrestre,L00990,,,,,,
S137,Terra,nominato_non_terrestre,L00995,monte,generico_terrestre,L00991,,,,,,
S137,Terra,nominato_non_terrestre,L00995,Paese degli Uccelli,inventato,L00992,,,,,,
S137,Terra,nominato_non_terrestre,L00995,cella,generico_terrestre,L00993,,,,,,
S137,Terra,nominato_non_terrestre,L00995,sala,generico_terrestre,L00994,,,,,,
S137,Terra,nominato_non_terrestre,L00995,,,,,,,,,
S138,laboratori,generico_terrestre,L00996,,,,,,,,,
S138,fondazione,generico_terrestre,L00997,,,,,,,,,
S139,mare,generico_terrestre,L00998,,,,,,,,,
S139,Codogno,nominato_terrestre,L01000,Stazione di servizio,generico_terrestre,L00999,,,,,,
S139,Codogno,nominato_terrestre,L01000,,,,,,,,,
S139,oceano,generico_terrestre,L01001,,,,,,,,,
S139,autostrada,generico_terrestre,L01002,,,,,,,,,
S139,strada,generico_terrestre,L01003,,,,,,,,,
S139,precipizio,generico_terrestre,L01004,,,,,,,,,
S140,A,inventato,L01005,,,,,,,,,
S140,B,inventato,L01006,,,,,,,,,
S140,autostrada,generico_terrestre,L01007,,,,,,,,,
S140,stazione di servizio,generico_terrestre,L01008,,,,,,,,,
S140,bar,generico_terrestre,L01009,,,,,,,,,
S141,Terra,nominato_non_terrestre,L01010,,,,,,,,,
S141,Terra,nominato_non_terrestre,L01010,New York (città),nominato_terrestre,L01014,Madison Avenue,nominato_terrestre,L01011,,,
S141,Terra,nominato_non_terrestre,L01010,tunnel,generico_terrestre,L01012,,,,,,
S141,Terra,nominato_non_terrestre,L01010,Osservatorio,generico_terrestre,L01013,,,,,,
S141,Terra,nominato_non_terrestre,L01010,New York (città),nominato_terrestre,L01014,,,,,,
S141,Terra,nominato_non_terrestre,L01010,cottage,generico_terrestre,L01015,,,,,,
S141,Terra,nominato_non_terrestre,L01010,Contea,nominato_terrestre,L01019,Cintura Verde,inventato,L01016,,,
S141,Terra,nominato_non_terrestre,L01010,Contea,nominato_terrestre,L01019,viale,generico_terrestre,L01017,,,
S141,Terra,nominato_non_terrestre,L01010,Contea,nominato_terrestre,L01019,sobborgo residenziale,generico_terrestre,L01018,,,
S141,Terra,nominato_non_terrestre,L01010,Contea,nominato_terrestre,L01019,,,,,,
S142,Terra,nominato_non_terrestre,L01020,,,,,,,,,
S142,Terra,nominato_non_terrestre,L01020,mare primordiale,generico_terrestre,L01021,,,,,,
S142,vuoto,generico_terrestre,L01022,,,,,,,,,
S142,Terra,nominato_non_terrestre,L01020,sabbia,generico_terrestre,L01023,,,,,,
S142,Terra,nominato_non_terrestre,L01020,oasi,generico_terrestre,L01024,,,,,,
S142,Terra,nominato_non_terrestre,L01020,oasi,generico_terrestre,L01024,palmeto,generico_terrestre,L01025,,,
S143,mare,generico_terrestre,L01026,,,,,,,,,
S143,mare,generico_terrestre,L01026,fondali,generico_terrestre,L01027,,,,,,
S143,fungaie,generico_terrestre,L01028,,,,,,,,,
S143,terre emerse,generico_terrestre,L01029,,,,,,,,,
S143,paludi,generico_terrestre,L01030,,,,,,,,,
S143,foresta,generico_terrestre,L01031,,,,,,,,,
S144,castello d'If,nominato_terrestre,L01033,cella,generico_terrestre,L01032,,,,,,
S144,castello d'If,nominato_terrestre,L01033,,,,,,,,,
S145,Terra,nominato_non_terrestre,L01034,,,,,,,,,
S145,Terra,nominato_non_terrestre,L01034,New York,nominato_terrestre,L01035,,,,,,
S145,Terra,nominato_non_terrestre,L01034,New York,nominato_terrestre,L01035,grandi magazzini,generico_terrestre,L01036,,,
S145,Terra,nominato_non_terrestre,L01034,New York,nominato_terrestre,L01035,grattacielo,generico_terrestre,L01037,,,
S145,Terra,nominato_non_terrestre,L01034,New York,nominato_terrestre,L01035,Times Square,nominato_terrestre,L01038,,,
S145,Terra,nominato_non_terrestre,L01034,New York,nominato_terrestre,L01035,docks,generico_terrestre,L01039,,,
S145,Terra,nominato_non_terrestre,L01034,New York,nominato_terrestre,L01035,Central Park,nominato_terrestre,L01040,,,
S145,Terra,nominato_non_terrestre,L01034,New York,nominato_terrestre,L01035,cimitero d'automobili,generico_terrestre,L01041,,,
S145,Terra,nominato_non_terrestre,L01034,New York,nominato_terrestre,L01035,Fifth Avenue,nominato_terrestre,L01042,,,
S145,Terra,nominato_non_terrestre,L01034,New York,nominato_terrestre,L01035,Uptown,nominato_terrestre,L01043,,,
S145,Terra,nominato_non_terrestre,L01034,New York,nominato_terrestre,L01035,Broadway,nominato_terrestre,L01044,,,
S145,Terra,nominato_non_terrestre,L01034,New York,nominato_terrestre,L01035,Madison Square,nominato_terrestre,L01045,,,
S145,Terra,nominato_non_terrestre,L01034,New York,nominato_terrestre,L01035,Brooklyn,nominato_terrestre,L01046,,,
S145,Terra,nominato_non_terrestre,L01034,savane,generico_terrestre,L01047,,,,,,
S145,Terra,nominato_non_terrestre,L01034,foreste,generico_terrestre,L01048,,,,,,
S146,Terra,nominato_non_terrestre,L01050,cratere,generico_non_terrestre,L01049,,,,,,
S146,Terra,nominato_non_terrestre,L01050,,,,,,,,,
S146,Terra,nominato_non_terrestre,L01050,terre interne,generico_non_terrestre,L01051,,,,,,
S146,Terra,nominato_non_terrestre,L01050,vulcano,generico_terrestre,L01052,,,,,,
S146,Terra,nominato_non_terrestre,L01050,Vesuvio,nominato_terrestre,L01053,,,,,,
S146,Terra,nominato_non_terrestre,L01050,Ercolano,nominato_terrestre,L01054,,,,,,
S146,Terra,nominato_non_terrestre,L01050,stanza,generico_terrestre,L01055,,,,,,
S147,Terra,nominato_non_terrestre,L01056,,,,,,,,,
S147,Terra,nominato_non_terrestre,L01056,Halley,inventato,L01057,,,,,,
S147,Terra,nominato_non_terrestre,L01056,mare,generico_terrestre,L01058,,,,,,
S147,Terra,nominato_non_terrestre,L01056,Lancashire,nominato_terrestre,L01059,,,,,,
S147,Terra,nominato_non_terrestre,L01056,Lancashire,nominato_terrestre,L01059,casa,generico_terrestre,L01060,,,
S148,Terra,nominato_non_terrestre,L01061,,,,,,,,,
S149,capitale,generico_terrestre,L01062,,,,,,,,,
S149,piazze,generico_terrestre,L01063,,,,,,,,,
S149,bar,generico_terrestre,L01064,,,,,,,,,
S149,Russia,nominato_terrestre,L01067,scantinato,generico_terrestre,L01065,,,,,,
S149,Russia,nominato_terrestre,L01067,vie,generico_terrestre,L01066,,,,,,
S149,Russia,nominato_terrestre,L01067,,,,,,,,,
V016,bosco,generico_terrestre,L01068,,,,,,,,,
V016,castello,generico_terrestre,L01069,,,,,,,,,
V016,castello,generico_terrestre,L01069,sala,generico_terrestre,L01070,,,,,,
S150,balaustra,generico_terrestre,L01071,,,,,,,,,
S150,golfo,generico_terrestre,L01072,,,,,,,,,
S151,Parigi,nominato_terrestre,L01076,profumeria,generico_terrestre,L01073,,,,,,
S151,Parigi,nominato_terrestre,L01076,Champs Elysèes,nominato_terrestre,L01074,,,,,,
S151,Parigi,nominato_terrestre,L01076,galleria,generico_terrestre,L01075,,,,,,
S151,Parigi,nominato_terrestre,L01076,,,,,,,,,
S151,savana,generico_terrestre,L01077,,,,,,,,,
S151,foresta,generico_terrestre,L01078,,,,,,,,,
S151,palude,generico_terrestre,L01079,,,,,,,,,
S151,erba,generico_terrestre,L01080,,,,,,,,,
S151,Londra,nominato_terrestre,L01090,docks,generico_terrestre,L01081,,,,,,
S151,Londra,nominato_terrestre,L01090,moquette,generico_terrestre,L01082,,,,,,
S151,Parigi,nominato_terrestre,L01076,Faubourg Saint-Honoré,nominato_terrestre,L01084,saloni,generico_terrestre,L01083,,,
S151,Parigi,nominato_terrestre,L01076,Faubourg Saint-Honoré,nominato_terrestre,L01084,,,,,,
S151,Parigi,nominato_terrestre,L01076,Bois de Boulogne,nominato_terrestre,L01085,,,,,,
S151,Parigi,nominato_terrestre,L01076,Passy,generico_terrestre,L01086,,,,,,
S151,Parigi,nominato_terrestre,L01076,palazzo,generico_terrestre,L01087,,,,,,
S151,Londra,nominato_terrestre,L01090,Embankment,nominato_terrestre,L01088,,,,,,
S151,Londra,nominato_terrestre,L01090,stanze,generico_terrestre,L01089,,,,,,
S151,Londra,nominato_terrestre,L01090,,,,,,,,,
V018,Impero mongolo,nominato_terrestre,L01091,,,,,,,,,
V018,Impero mongolo,nominato_terrestre,L01091,Diomira,inventato,L01092,,,,,,
V018,Impero mongolo,nominato_terrestre,L01091,Isidora,inventato,L01093,,,,,,
V018,Impero mongolo,nominato_terrestre,L01091,Dorotea,inventato,L01094,,,,,,
V018,Impero mongolo,nominato_terrestre,L01091,Zaira,inventato,L01095,,,,,,
V018,Impero mongolo,nominato_terrestre,L01091,Anastasia,inventato,L01096,,,,,,
V018,Impero mongolo,nominato_terrestre,L01091,Tamara,inventato,L01097,,,,,,
V018,Impero mongolo,nominato_terrestre,L01091,Zora,inventato,L01098,,,,,,
V018,Impero mongolo,nominato_terrestre,L01091,Despina,inventato,L01099,,,,,,
V018,Impero mongolo,nominato_terrestre,L01091,Zirma,inventato,L01100,,,,,,
V018,Impero mongolo,nominato_terrestre,L01091,Isaura,inventato,L01101,,,,,,
V018,Impero mongolo,nominato_terrestre,L01091,reggia di Kemenfù,nominato_terrestre,L01102,,,,,,
V018,Impero mongolo,nominato_terrestre,L01091,Maurilia,inventato,L01104,,,,,,
V018,Impero mongolo,nominato_terrestre,L01091,Fedora,inventato,L01105,,,,,,
V018,Impero mongolo,nominato_terrestre,L01091,Zoe,inventato,L01106,,,,,,
V018,Impero mongolo,nominato_terrestre,L01091,Zenobia,inventato,L01107,,,,,,
V018,Impero mongolo,nominato_terrestre,L01091,Eufemia,inventato,L01108,,,,,,
V018,Impero mongolo,nominato_terrestre,L01091,Zobeide,inventato,L01109,,,,,,
V018,Impero mongolo,nominato_terrestre,L01091,Ipazia,inventato,L01110,,,,,,
V018,Impero mongolo,nominato_terrestre,L01091,Armilla,inventato,L01111,,,,,,
V018,Impero mongolo,nominato_terrestre,L01091,Cloe,inventato,L01112,,,,,,
V018,Impero mongolo,nominato_terrestre,L01091,Valdrada,inventato,L01113,,,,,,
V018,Impero mongolo,nominato_terrestre,L01091,Olivia,inventato,L01114,,,,,,
V018,Impero mongolo,nominato_terrestre,L01091,Sofronia,inventato,L01115,,,,,,
V018,Impero mongolo,nominato_terrestre,L01091,Eutropia,inventato,L01116,,,,,,
V018,Impero mongolo,nominato_terrestre,L01091,Zemrude,inventato,L01117,,,,,,
V018,Impero mongolo,nominato_terrestre,L01091,Aglaura,inventato,L01118,,,,,,
V018,Impero mongolo,nominato_terrestre,L01091,Lalage,inventato,L01119,,,,,,
V018,Impero mongolo,nominato_terrestre,L01091,Ottavia,inventato,L01120,,,,,,
V018,Impero mongolo,nominato_terrestre,L01091,Ersilia,inventato,L01121,,,,,,
V018,Impero mongolo,nominato_terrestre,L01091,Bauci,inventato,L01122,,,,,,
V018,Impero mongolo,nominato_terrestre,L01091,Leandra,inventato,L01123,,,,,,
V018,Impero mongolo,nominato_terrestre,L01091,Melania,inventato,L01124,,,,,,
V018,Impero mongolo,nominato_terrestre,L01091,Quinsai,inventato,L01125,,,,,,
V018,Impero mongolo,nominato_terrestre,L01091,Smeraldina,inventato,L01126,,,,,,
V018,Impero mongolo,nominato_terrestre,L01091,Fillide,inventato,L01127,,,,,,
V018,Impero mongolo,nominato_terrestre,L01091,Pirra,inventato,L01128,,,,,,
V018,Impero mongolo,nominato_terrestre,L01091,Adelma,inventato,L01129,,,,,,
V018,Impero mongolo,nominato_terrestre,L01091,Eudossia,inventato,L01130,,,,,,
V018,Impero mongolo,nominato_terrestre,L01091,reggia di Kemenfù,nominato_terrestre,L01102,giardino,generico_terrestre,L01131,,,
V018,Impero mongolo,nominato_terrestre,L01091,Moriana,inventato,L01132,,,,,,
V018,Impero mongolo,nominato_terrestre,L01091,Clarice,inventato,L01133,,,,,,
V018,Impero mongolo,nominato_terrestre,L01091,Eusapia,inventato,L01134,,,,,,
V018,Impero mongolo,nominato_terrestre,L01091,Bersabea,inventato,L01135,,,,,,
V018,Impero mongolo,nominato_terrestre,L01091,Leonia,inventato,L01136,,,,,,
V018,Impero mongolo,nominato_terrestre,L01091,Irene,inventato,L01137,,,,,,
V018,Impero mongolo,nominato_terrestre,L01091,Argia,inventato,L01138,,,,,,
V018,Impero mongolo,nominato_terrestre,L01091,Tecla,inventato,L01139,,,,,,
V018,Impero mongolo,nominato_terrestre,L01091,Trude,inventato,L01140,,,,,,
V018,Impero mongolo,nominato_terrestre,L01091,Olinda,inventato,L01141,,,,,,
V018,Impero mongolo,nominato_terrestre,L01091,Laudomia,inventato,L01142,,,,,,
V018,Impero mongolo,nominato_terrestre,L01091,Perinzia,inventato,L01143,,,,,,
V018,Impero mongolo,nominato_terrestre,L01091,Procopia,inventato,L01144,,,,,,
V018,Impero mongolo,nominato_terrestre,L01091,Raissa,inventato,L01145,,,,,,
V018,Impero mongolo,nominato_terrestre,L01091,Andria,inventato,L01146,,,,,,
V018,Impero mongolo,nominato_terrestre,L01091,Cecilia,inventato,L01147,,,,,,
V018,Impero mongolo,nominato_terrestre,L01091,Marozia,inventato,L01148,,,,,,
V018,Impero mongolo,nominato_terrestre,L01091,Pentesilea,inventato,L01149,,,,,,
V018,Impero mongolo,nominato_terrestre,L01091,Teodora,inventato,L01150,,,,,,
V018,Impero mongolo,nominato_terrestre,L01091,Berenice,inventato,L01151,,,,,,
S152,taverna,generico_terrestre,L01152,,,,,,,,,
S153,memoria,generico_non_terrestre,L01153,,,,,,,,,
S154,Sanremo,nominato_terrestre,L01157,cinema,generico_terrestre,L01154,,,,,,
S154,Sanremo,nominato_terrestre,L01157,via principale,generico_terrestre,L01155,,,,,,
S154,Parigi,nominato_terrestre,L01158,Quartiere Latino,nominato_terrestre,L01156,,,,,,
S154,Sanremo,nominato_terrestre,L01157,,,,,,,,,
S154,Parigi,nominato_terrestre,L01158,,,,,,,,,
V020,Parigi,nominato_terrestre,L01159,,,,,,,,,
V020,Parigi,nominato_terrestre,L01159,studio,generico_terrestre,L01160,,,,,,
S155,città,generico_terrestre,L01161,,,,,,,,,
S155,vettura,generico_terrestre,L01162,,,,,,,,,
S155,mare,generico_terrestre,L01163,,,,,,,,,
S155,stazione di servizio,generico_terrestre,L01164,,,,,,,,,
S156,casa,generico_terrestre,L01166,cucina,generico_terrestre,L01165,,,,,,
S156,casa,generico_terrestre,L01166,,,,,,,,,
S156,mare artico,nominato_terrestre,L01167,,,,,,,,,
S156,casa,generico_terrestre,L01166,stanza,generico_terrestre,L01168,,,,,,
S157,Neander,nominato_terrestre,L01169,,,,,,,,,
S158,Impero (atzeco),nominato_terrestre,L01171,rovine,generico_terrestre,L01170,,,,,,
S158,Impero (atzeco),nominato_terrestre,L01171,,,,,,,,,
S159,Europa,nominato_terrestre,L01173,città,generico_terrestre,L01172,,,,,,
S159,Europa,nominato_terrestre,L01173,,,,,,,,,
S160,Parigi,nominato_terrestre,L01175,zoo di Vincennes,nominato_terrestre,L01174,,,,,,
S160,Parigi,nominato_terrestre,L01175,,,,,,,,,
S161,no ambientazione,no_ambientazione,L01176,,,,,,,,,
S162,prato,generico_terrestre,L01177,,,,,,,,,
S162,giardino,generico_terrestre,L01178,,,,,,,,,
S163,no ambientazione,no_ambientazione,L01179,,,,,,,,,
S164,mare,generico_terrestre,L01180,,,,,,,,,
S164,riva,generico_terrestre,L01181,,,,,,,,,
S164,costa,generico_terrestre,L01182,,,,,,,,,
S164,spiaggia,generico_terrestre,L01183,,,,,,,,,
S165,Oriente,nominato_terrestre,L01184,,,,,,,,,
S165,Oriente,nominato_terrestre,L01184,bazar,generico_terrestre,L01185,,,,,,
S165,casa,generico_terrestre,L01186,,,,,,,,,
S166,Parigi,nominato_terrestre,L01188,charcuterie,generico_terrestre,L01187,,,,,,
S166,Parigi,nominato_terrestre,L01188,,,,,,,,,
S166,Parigi,nominato_terrestre,L01188,quartiere,generico_terrestre,L01189,,,,,,
S167,città,generico_terrestre,L01191,letto,generico_terrestre,L01190,,,,,,
S167,città,generico_terrestre,L01191,,,,,,,,,
S168,Messico,nominato_terrestre,L01192,,,,,,,,,
S168,Messico,nominato_terrestre,L01192,Tula,nominato_terrestre,L01193,,,,,,
S168,Messico,nominato_terrestre,L01192,Tula,nominato_terrestre,L01193,Tempio della Stella del Mattino,nominato_terrestre,L01194,,,
S168,Messico,nominato_terrestre,L01192,Tula,nominato_terrestre,L01193,Muro dei Serpenti,nominato_terrestre,L01195,,,
S169,doccia (bagno),generico_terrestre,L01196,,,,,,,,,
S170,Giappone,nominato_terrestre,L01199,Kyoto,nominato_terrestre,L01198,Tempio Ryoanji,nominato_terrestre,L01197,,,
S170,Giappone,nominato_terrestre,L01199,Kyoto,nominato_terrestre,L01198,,,,,,
S170,Giappone,nominato_terrestre,L01199,,,,,,,,,
S171,Parigi,nominato_terrestre,L01202,Quattordicesimo Arrodissement,nominato_terrestre,L01205,cucina,generico_terrestre,L01200,,,
S171,Parigi,nominato_terrestre,L01202,Quattordicesimo Arrodissement,nominato_terrestre,L01205,scale,generico_terrestre,L01201,,,
S171,Parigi,nominato_terrestre,L01202,,,,,,,,,
S171,Parigi,nominato_terrestre,L01202,Quattordicesimo Arrodissement,nominato_terrestre,L01205,garage,generico_terrestre,L01203,,,
S171,Parigi,nominato_terrestre,L01202,Quattordicesimo Arrodissement,nominato_terrestre,L01205,marciapiede,generico_terrestre,L01204,,,
S171,Parigi,nominato_terrestre,L01202,Quattordicesimo Arrodissement,nominato_terrestre,L01205,,,,,,
S172,spiaggia,generico_terrestre,L01206,,,,,,,,,
S172,costa,generico_terrestre,L01207,,,,,,,,,
S173,collina,generico_terrestre,L01208,,,,,,,,,
S173,strada,generico_terrestre,L01209,,,,,,,,,
S173,casa,generico_terrestre,L01210,,,,,,,,,
S174,no ambientazione,no_ambientazione,L01211,,,,,,,,,
S175,distese,generico_terrestre,L01212,,,,,,,,,
S175,sabbia,generico_terrestre,L01213,,,,,,,,,
S175,città,generico_terrestre,L01214,,,,,,,,,
V021,libreria,generico_terrestre,L01215,,,,,,,,,
V021,autobus,generico_terrestre,L01216,,,,,,,,,
V021,macchina,generico_terrestre,L01217,,,,,,,,,
V021,ufficio,generico_terrestre,L01218,,,,,,,,,
V021,stanza,generico_terrestre,L01219,,,,,,,,,
V021,città,generico_terrestre,L01223,stazione,generico_terrestre,L01220,,,,,,
V021,città,generico_terrestre,L01223,stazione,generico_terrestre,L01220,bar,generico_terrestre,L01221,,,
V021,città,generico_terrestre,L01223,stazione,generico_terrestre,L01220,cabina telefonica,generico_terrestre,L01222,,,
V021,città,generico_terrestre,L01223,,,,,,,,,
V021,Kudgiwa,inventato,L01225,casa,generico_terrestre,L01226,cucina,generico_terrestre,L01224,,,
V021,Kudgiwa,inventato,L01225,,,,,,,,,
V021,Kudgiwa,inventato,L01225,casa,generico_terrestre,L01226,,,,,,
V021,università,generico_terrestre,L01227,,,,,,,,,
V021,università,generico_terrestre,L01227,Istituto di lingue e letterature botno-ugriche,inventato,L01228,,,,,,
V021,Petkwo,inventato,L01229,,,,,,,,,
V021,Petkwo,inventato,L01229,Pensione Kudgiwa,inventato,L01230,,,,,,
V021,Petkwo,inventato,L01229,osservatorio,generico_terrestre,L01231,,,,,,
V021,Petkwo,inventato,L01229,porto,generico_terrestre,L01232,,,,,,
V021,Petkwo,inventato,L01229,belvedere,generico_terrestre,L01233,,,,,,
V021,Petkwo,inventato,L01229,promontorio,generico_terrestre,L01234,,,,,,
V021,Petkwo,inventato,L01229,molo,generico_terrestre,L01235,,,,,,
V021,Petkwo,inventato,L01229,Albergo (del Giglio Marino),inventato,L01236,,,,,,
V021,Petkwo,inventato,L01229,piazzale,generico_terrestre,L01237,,,,,,
V021,Petkwo,inventato,L01229,La Stella della Svezia,inventato,L01238,,,,,,
V021,Petkwo,inventato,L01229,cimitero,generico_terrestre,L01239,,,,,,
V021,università,generico_terrestre,L01227,sala,generico_terrestre,L01240,,,,,,
V021,città,generico_terrestre,L01241,,,,,,,,,
V021,città,generico_terrestre,L01241,strada,generico_terrestre,L01242,,,,,,
V021,città,generico_terrestre,L01241,stanza,generico_terrestre,L01243,,,,,,
V021,caffè,generico_terrestre,L01244,,,,,,,,,
V021,casa editrice,generico_terrestre,L01245,,,,,,,,,
V021,Parigi,nominato_terrestre,L01247,sotterraneo,generico_terrestre,L01246,,,,,,
V021,Parigi,nominato_terrestre,L01247,,,,,,,,,
V021,Parigi,nominato_terrestre,L01247,Faubourg Saint-Antoine,nominato_terrestre,L01249,parcheggio,generico_terrestre,L01248,,,
V021,Parigi,nominato_terrestre,L01247,Faubourg Saint-Antoine,nominato_terrestre,L01249,,,,,,
V021,Parigi,nominato_terrestre,L01247,ascensore,generico_terrestre,L01250,,,,,,
V021,casa,generico_terrestre,L01251,,,,,,,,,
V021,collina,generico_terrestre,L01252,,,,,,,,,
V021,giardino,generico_terrestre,L01253,,,,,,,,,
V021,campus,generico_terrestre,L01254,,,,,,,,,
V021,Grosvenor Avenue,inventato,L01255,,,,,,,,,
V021,Cedar Street,inventato,L01256,,,,,,,,,
V021,Maple Road,inventato,L01257,,,,,,,,,
V021,Hillside Drive,inventato,L01258,,,,,,,,,
V021,Hillside Drive,inventato,L01258,stanza,generico_terrestre,L01259,,,,,,
V021,casa (Ludmilla),generico_terrestre,L01260,,,,,,,,,
V021,casa (Ludmilla),generico_terrestre,L01260,letto,generico_terrestre,L01261,,,,,,
V021,villa,generico_terrestre,L01262,,,,,,,,,
V021,città,generico_terrestre,L01263,,,,,,,,,
V021,città,generico_terrestre,L01263,crocicchio,generico_terrestre,L01264,,,,,,
V021,villa,generico_terrestre,L01262,stanza catoptrica,generico_terrestre,L01265,,,,,,
V021,vallata,generico_terrestre,L01266,,,,,,,,,
V021,vallata,generico_terrestre,L01266,casa,generico_terrestre,L01268,studio,generico_terrestre,L01267,,,
V021,vallata,generico_terrestre,L01266,casa,generico_terrestre,L01268,,,,,,
V021,sentiero,generico_terrestre,L01269,,,,,,,,,
V021,riva,generico_terrestre,L01270,,,,,,,,,
V021,casa,generico_terrestre,L01271,,,,,,,,,
V021,aereo,generico_terrestre,L01272,,,,,,,,,
V021,Ataguitania,inventato,L01273,,,,,,,,,
V021,Ataguitania,inventato,L01273,periferia,generico_terrestre,L01274,,,,,,
V021,Ataguitania,inventato,L01273,caserma,generico_terrestre,L01275,,,,,,
V021,Ataguitania,inventato,L01273,cella,generico_terrestre,L01276,,,,,,
V021,Ataguitania,inventato,L01273,carcere,generico_terrestre,L01278,biblioteca,generico_terrestre,L01277,,,
V021,Ataguitania,inventato,L01273,carcere,generico_terrestre,L01278,,,,,,
V021,San Ireneo,inventato,L01280,strade,generico_terrestre,L01279,,,,,,
V021,San Ireneo,inventato,L01280,,,,,,,,,
V021,Oquedal,inventato,L01282,palazzo degli Alvarado,inventato,L01281,,,,,,
V021,Oquedal,inventato,L01282,,,,,,,,,
V021,Oquedal,inventato,L01282,fossa,generico_terrestre,L01283,,,,,,
V021,Ircania,inventato,L01284,,,,,,,,,
V021,Ircania,inventato,L01284,commissariato di polizia,generico_terrestre,L01285,,,,,,
V021,Ircania,inventato,L01284,capitale,generico_terrestre,L01287,giardini pubblici,generico_terrestre,L01286,,,
V021,Ircania,inventato,L01284,capitale,generico_terrestre,L01287,,,,,,
V021,città,generico_terrestre,L01288,,,,,,,,,
V021,città,generico_terrestre,L01288,Prospettiva,inventato,L01289,,,,,,
V021,biblioteca,generico_terrestre,L01290,,,,,,,,,
V021,letto,generico_terrestre,L01291,,,,,,,,,
S176,paese,generico_terrestre,L01292,,,,,,,,,
S177,no ambientazione,no_ambientazione,L01293,,,,,,,,,
S178,Barcellona,nominato_terrestre,L01295,zoo ,generico_terrestre,L01294,,,,,,
S178,Barcellona,nominato_terrestre,L01295,,,,,,,,,
S179,Inferi,inventato,L01296,,,,,,,,,
S179,Terra,nominato_non_terrestre,L01298,vulcano,generico_terrestre,L01297,,,,,,
S179,Terra,nominato_non_terrestre,L01298,,,,,,,,,
S179,Terra,nominato_non_terrestre,L01298,Vesuvio,nominato_terrestre,L01299,,,,,,
S179,Terra,nominato_non_terrestre,L01298,Ercolano,nominato_terrestre,L01299b,,,,,,
S179,Terra,nominato_non_terrestre,L01298,stanza,generico_terrestre,L01300,,,,,,
S180,no ambientazione,no_ambientazione,L01301,,,,,,,,,
S181,xxx,inventato,L01302,,,,,,,,,
S181,stanza,generico_terrestre,L01303,,,,,,,,,
S181,città,generico_terrestre,L01304,,,,,,,,,
S181,nave,generico_terrestre,L01305,,,,,,,,,
S182,Roma,nominato_terrestre,L01306,,,,,,,,,
S182,Roma,nominato_terrestre,L01306,terrazzo,generico_terrestre,L01307,,,,,,
S183,città,generico_terrestre,L01308,,,,,,,,,
S184,terrazzo,generico_terrestre,L01309,,,,,,,,,
S185,Messico,nominato_terrestre,L01313,Oaxaca,nominato_terrestre,L01310,,,,,,
S185,Messico,nominato_terrestre,L01313,Oaxaca,nominato_terrestre,L01310,albergo,generico_terrestre,L01311,,,
S185,Messico,nominato_terrestre,L01313,Oaxaca,nominato_terrestre,L01310,ristorante,generico_terrestre,L01312,,,
S185,Messico,nominato_terrestre,L01313,,,,,,,,,
S185,Messico,nominato_terrestre,L01313,Oaxaca,nominato_terrestre,L01310,Monte Alban,nominato_terrestre,L01314,,,
S185,Messico,nominato_terrestre,L01313,Oaxaca,nominato_terrestre,L01310,caffè,generico_terrestre,L01315,,,
S185,Messico,nominato_terrestre,L01313,Palenque,nominato_terrestre,L01316,,,,,,
S186,no ambientazione,no_ambientazione,L01317,,,,,,,,,
S187,casa Palomar,inventato,L01320,terrazzo,generico_terrestre,L01318,,,,,,
S187,casa Palomar,inventato,L01320,soggiorno,generico_terrestre,L01319,,,,,,
S187,casa Palomar,inventato,L01320,,,,,,,,,
S188,no ambientazione,no_ambientazione,L01321,,,,,,,,,
S189,città,generico_terrestre,L01322,,,,,,,,,
S190,riva,generico_terrestre,L01323,,,,,,,,,
S190,mare,generico_terrestre,L01324,,,,,,,,,
S190,casa,generico_terrestre,L01325,,,,,,,,,
S191,spiaggia,generico_terrestre,L01326,,,,,,,,,
S191,costa,generico_terrestre,L01327,,,,,,,,,
S192,patio,generico_terrestre,L01328,,,,,,,,,
S192,marciapiede,generico_terrestre,L01329,,,,,,,,,
S192,patio,generico_terrestre,L01328,terreno,generico_terrestre,L01330,,,,,,
S192,patio,generico_terrestre,L01328,praticello,generico_terrestre,L01331,,,,,,
S193,prato,generico_terrestre,L01332,,,,,,,,,
S194,strade,generico_terrestre,L01333,,,,,,,,,
S194,casa,generico_terrestre,L01334,,,,,,,,,
S195,Roma,nominato_terrestre,L01336,terrazzo,generico_terrestre,L01335,,,,,,
S195,Roma,nominato_terrestre,L01336,,,,,,,,,
S196,Parigi,nominato_terrestre,L01337,,,,,,,,,
S196,Parigi,nominato_terrestre,L01337,formaggeria,generico_terrestre,L01338,,,,,,
S197,macelleria,generico_terrestre,L01339,,,,,,,,,
S198,Parigi,nominato_terrestre,L01340,,,,,,,,,
S198,Parigi,nominato_terrestre,L01340,Jardin des Plantes,nominato_terrestre,L01342,rettilario,generico_terrestre,L01341,,,
S198,Parigi,nominato_terrestre,L01340,Jardin des Plantes,nominato_terrestre,L01342,,,,,,
S199,no ambientazione,no_ambientazione,L01343,,,,,,,,,
S200,vie,generico_terrestre,L01344,,,,,,,,,
S201,mare,generico_terrestre,L01345,,,,,,,,,
S202,città,generico_terrestre,L01348,clinica,generico_terrestre,L01346,,,,,,
S202,città,generico_terrestre,L01348,vie,generico_terrestre,L01347,,,,,,
S202,città,generico_terrestre,L01348,,,,,,,,,
S203,esterno,generico_non_terrestre,L01349,,,,,,,,,
S203,interno,generico_non_terrestre,L01350,,,,,,,,,
S203,stanza,generico_terrestre,L01351,,,,,,,,,
S203,mare,generico_terrestre,L01352,,,,,,,,,
S203,piattaforma,generico_terrestre,L01353,,,,,,,,,
S203,spiaggia,generico_terrestre,L01354,,,,,,,,,
S203,caffè,generico_terrestre,L01355,,,,,,,,,
S204,città,generico_terrestre,L01358,palazzo,generico_terrestre,L01357,sala del trono,generico_terrestre,L01356,,,
S204,città,generico_terrestre,L01358,palazzo,generico_terrestre,L01357,,,,,,
S204,città,generico_terrestre,L01358,,,,,,,,,
S204,campagna,generico_terrestre,L01359,,,,,,,,,
S204,campagna,generico_terrestre,L01359,grotta,generico_terrestre,L01360,,,,,,
S205,universo,generico_non_terrestre,L01361,,,,,,,,,
S206,galassia,generico_non_terrestre,L01362,,,,,,,,,
S206,buco (nero),generico_non_terrestre,L01363,,,,,,,,,